{"type":"FeatureCollection","properties":{"snapshot":"ce-0600","year":600,"basis":"macro-realms composed from Natural Earth 110m units; scholarly-convention borders"},"features":[{"type":"Feature","properties":{"id":"r6-uzbekistan","name":"Uzbekistan","tradition":"zoroastrianism","grade":"c","sources":["boyce-zoroastrians"]},"geometry":{"type":"Polygon","coordinates":[[[55.96795967959682,41.309161654856425],[55.92835928359284,44.99555429291354],[58.50238502385025,45.58625724547642],[58.689586895868956,45.49993675670649],[60.24120241202414,44.78398446749705],[61.05841058410584,44.406543898954],[62.01242012420124,43.504410163378054],[63.18603186031862,43.64997020326459],[64.89964899648999,43.72782789901788],[66.09846098460986,42.998335140981766],[66.0228602286023,41.99464788920589],[66.50886508865091,41.98787765479257],[66.7140671406714,41.16867929077988],[67.9848798487985,41.13652067731657],[68.25848258482586,40.6626042683836],[68.6328863288633,40.66937450279693],[69.06849068490686,41.38363423340304],[70.38970389703897,42.08096837797582],[70.96210962109623,42.265457265739016],[71.26091260912611,42.167288866745764],[70.41850418504185,41.52073148027293],[71.15651156511566,41.14329091172989],[71.86931869318695,41.39209702641969],[73.05373053730537,40.865711300783445],[71.77571775717757,40.14637389436734],[71.01251012510127,40.244542293360595],[70.60210602106022,40.21915391431061],[70.45810458104583,40.496733525257056],[70.66690666906669,40.960494582570036],[69.33129331293313,40.728614053913546],[69.0108901089011,40.08544178464739],[68.53568535685358,39.533667679961155],[67.70047700477005,39.58105932085445],[67.44127441274415,39.139301525384795],[68.17568175681757,38.902343320918305],[68.39168391683918,38.15761753545222],[67.83007830078301,37.145467490659684],[67.07407074070741,37.35534475747285],[66.51966519665197,37.36211499188617],[66.54486544865449,37.97482120629236],[65.21645216452166,38.40303853293537],[64.1688416884169,38.89218796929832],[63.51723517235172,39.36271926102462],[62.376023760237615,40.05328317118408],[61.88281882818828,41.08405136061327],[61.54801548015482,41.26684768977313],[60.46440464404645,41.22114860748316],[60.08280082800829,41.42594819848634],[59.97479974799748,42.22314330065571],[58.62838628386285,42.75122158489529],[57.7859778597786,42.170673983952426],[56.93276932769328,41.825392028872685],[57.09477094770949,41.32270212368309],[55.96795967959682,41.309161654856425]]]}},{"type":"Feature","properties":{"id":"r6-indonesia","name":"Indonesia","tradition":"hinduism","grade":"c","sources":["flood-hinduism-1996"]},"geometry":{"type":"MultiPolygon","coordinates":[[[[141.00081000810007,-2.600886191385925],[141.0188101881019,-5.859061502800046],[141.03321033210335,-9.117236814214166],[140.1440014400144,-8.296345891598136],[139.12879128791292,-8.096623976404956],[138.88038880388802,-8.38097382176474],[137.61317613176135,-8.411439876624712],[138.0379803798038,-7.59731918842202],[138.66798667986683,-7.319739577475559],[138.4087840878409,-6.23311695413642],[137.92637926379263,-5.393607886883743],[135.98955989559897,-4.547328585217727],[135.1651516515165,-4.462700655051137],[133.6639366393664,-3.5385636576318547],[133.36873368733688,-4.024327976788143],[132.98352983529838,-4.11234102416141],[132.75672756727568,-3.7467483658416967],[132.7531275312753,-3.311760804785365],[131.98991989919898,-2.8209188098190765],[133.06633066330664,-2.4604038273093636],[133.77913779137793,-2.479021971946011],[133.69633696336962,-2.2149828298262264],[132.23112231122315,-2.2132902712228884],[131.8351183511835,-1.617509642850024],[130.94230942309423,-1.4330207550868295],[130.52110521105215,-0.9371010843105552],[131.86751867518677,-0.6950652040340799],[132.3787237872379,-0.37009395219432406],[133.98433984339846,-0.7796931342006701],[134.1427414274143,-1.152056026933721],[134.42354423544236,-2.7684494931157957],[135.45675456754566,-3.367615238695322],[136.2919629196292,-2.3063809944061546],[137.44037440374404,-1.7038301316199522],[138.32958329583295,-1.7021375730166284],[139.18639186391863,-2.0508046453030175],[139.92799927999283,-2.4096270692094066],[141.00081000810007,-2.600886191385925]]],[[[124.969849698497,-8.892126519971],[125.07065070650708,-9.090155876560843],[125.0886508865089,-9.393123866557275],[124.43704437044374,-10.1395422106267],[123.58023580235806,-10.359574829059852],[123.46143461434616,-10.239403168223276],[123.55143551435515,-9.89919888895355],[123.97983979839802,-9.289877791754023],[124.969849698497,-8.892126519971]]],[[[134.2111421114211,-6.894907368039227],[134.1139411394114,-6.141718789556492],[134.29034290342906,-5.782896365650103],[134.49914499144995,-5.4443846449837],[134.7259472594726,-5.737197283360132],[134.7259472594726,-6.214498809499759],[134.2111421114211,-6.894907368039227]]],[[[117.88137881378816,4.1371896084788204],[117.31257312573126,3.235055872902848],[118.04698046980474,2.2872230550369324],[117.87417874178743,1.8268471149306151],[118.99738997389977,0.9027101175113472],[117.8129781297813,0.7842310152780954],[117.47817478174784,0.10212989813530271],[117.52137521375215,-0.8033889546473176],[116.56016560165602,-1.4871826303934625],[116.53496534965353,-2.484099647756011],[116.14976149761497,-4.0124800665648195],[116.00216002160022,-3.6570427598650923],[114.86454864548648,-4.10726334835141],[114.46854468544689,-3.4962496925485596],[113.7557375573756,-3.4387027000352646],[113.25533255332556,-3.1188091240055087],[112.06732067320672,-3.4776315479118978],[111.7037170371704,-2.995252345962271],[111.04851048510488,-3.049414221268904],[110.22410224102242,-2.9343202362423284],[110.06930069300694,-1.5921212638000384],[109.57249572495726,-1.3145416528535918],[109.09009090090905,-0.45979955817092844],[108.95328953289533,0.41525323975172057],[109.06849068490686,1.3427753543776646],[109.66249662496625,2.0062583268838097],[109.83169831698319,1.3376976785676646],[110.51570515705157,0.7723831050547716],[111.160111601116,0.9771826960579517],[111.79731797317976,0.9044026761146711],[112.38052380523806,1.4104776985109453],[112.85932859328597,1.4984907458842116],[113.80613806138064,1.2175260177311031],[114.619746197462,1.430788401750931],[115.13455134551344,2.82207157368984],[115.519755197552,3.169046087372905],[115.86535865358655,4.306445468812015],[117.01377013770139,4.306445468812015],[117.88137881378816,4.1371896084788204]]],[[[129.37269372693726,-2.802300665182429],[130.4707047070471,-3.0934207449555373],[130.83430834308342,-3.8584572336615963],[129.9918999189992,-3.4454729344485884],[129.1566915669157,-3.362537562885322],[128.59148591485916,-3.428547348415279],[127.90027900279006,-3.3930036177453076],[128.13428134281344,-2.8429220716624],[129.37269372693726,-2.802300665182429]]],[[[126.87426874268743,-3.79075488952833],[126.18306183061833,-3.607958560368459],[125.9886598865989,-3.1780486751221417],[127.00027000270006,-3.1289644756255086],[127.2486724867249,-3.45901340327525],[126.87426874268743,-3.79075488952833]]],[[[127.93267932679328,2.1738216286136804],[128.0046800468005,1.628817758340773],[128.59508595085953,1.5408047109675067],[128.68868688686888,1.1328980875644987],[128.63468634686348,0.2578452896418497],[128.11988119881198,0.35601368863510174],[127.96867968679686,-0.2516148499610864],[128.3790837908379,-0.7796931342006701],[128.09828098280985,-0.8998647950372458],[127.69507695076953,-0.2668478773910721],[127.39987399874002,1.011033868124585],[127.60147601476018,1.8099215288973056],[127.93267932679328,2.1738216286136804]]],[[[122.92862928629285,0.8756291798580236],[124.07704077040773,0.9179431449413329],[125.06705067050672,1.6440507857707587],[125.23985239852402,1.420633050130931],[124.43704437044374,0.42710114997504434],[123.68463684636845,0.23584202779852603],[122.72342723427238,0.43048626718170624],[121.05661056610569,0.38140206768508733],[120.18180181801819,0.2375345864018641],[120.04140041400416,-0.5190391092875473],[120.93420934209342,-1.409324934640182],[121.47421474214741,-0.9557192289472027],[123.3390333903339,-0.6155149496774754],[123.259832598326,-1.0758908897837784],[122.82422824228246,-0.9303308498972314],[122.38862388623886,-1.5176486852534339],[121.50661506615069,-1.9052446054164562],[122.45342453424536,-3.1865114681387894],[122.27342273422738,-3.530100864615193],[123.16983169831701,-4.684425832087626],[123.16263162631628,-5.341138570180448],[122.62982629826297,-5.63395120855688],[122.23742237422374,-5.283591577667153],[122.71982719827201,-4.464393213654461],[121.7370173701737,-4.851989133817497],[121.48861488614887,-4.574409522871051],[121.61821618216186,-4.188506161311352],[120.89820898208984,-3.6028808845584734],[120.97380973809737,-2.6279671290392344],[120.30420304203045,-2.9309351190356665],[120.39060390603908,-4.097107996731424],[120.43020430204302,-5.529012575150304],[119.79659796597969,-5.672880056433513],[119.36819368193682,-5.380067418057081],[119.6525965259653,-4.459315537844461],[119.49779497794981,-3.4945571339452215],[119.07659076590767,-3.4877868995318977],[118.7669876698767,-2.802300665182429],[119.18099180991811,-2.1472804856929457],[119.3249932499325,-1.353470500730225],[119.82539825398254,0.15459921483859773],[120.03420034200343,0.5658909554482676],[120.88740887408875,1.3089241823110314],[121.6686166861669,1.014418985331261],[122.92862928629285,0.8756291798580236]]],[[[120.29340293402936,-10.258021312859938],[118.96858968589686,-9.557302051080484],[119.90099900999013,-9.360965253093966],[120.42660426604266,-9.665625801693736],[120.77580775807758,-9.970286350293492],[120.71460714607144,-10.239403168223276],[120.29340293402936,-10.258021312859938]]],[[[121.34101341013411,-8.536689213271274],[122.00702007020072,-8.460524076121345],[122.90342903429035,-8.094931417801632],[122.7558275582756,-8.650090639694525],[121.25461254612549,-8.934440485054296],[119.92259922599226,-8.810883707011072],[119.92259922599226,-8.445291048691345],[120.71460714607144,-8.237106340481517],[121.34101341013411,-8.536689213271274]]],[[[118.25938259382593,-8.362355677128079],[118.87858878588787,-8.28111286416815],[119.12699126991271,-8.705945073604482],[117.97137971379715,-8.907359547400986],[117.27657276572768,-9.041071677064224],[116.740167401674,-9.032608884047562],[117.08217082170825,-8.457138958914669],[117.63297632976332,-8.448676165898021],[117.89937899378992,-8.094931417801632],[118.25938259382593,-8.362355677128079]]],[[[108.48528485284857,-6.422683517709601],[108.62208622086223,-6.778120824409328],[110.54090540905412,-6.877981782005904],[110.76050760507604,-6.464997482792896],[112.61452614526144,-6.945684126139184],[112.97812978129781,-7.593934071215344],[114.47934479344792,-7.7767304003752145],[115.7069570695707,-8.37081847014474],[114.5657456574566,-8.75164415589444],[113.46413464134645,-8.348815208301431],[112.56052560525609,-8.37589614595474],[111.52371523715237,-8.301423567408136],[110.5877058770588,-8.122012355454942],[109.42849428494287,-7.741186669705229],[108.6940869408694,-7.641325712108653],[108.27648276482768,-7.7665750487552145],[106.4548645486455,-7.35528330814553],[106.2820628206282,-6.925373422899213],[105.36405364053644,-6.850900844352594],[106.05166051660518,-5.896297792073341],[107.26487264872651,-5.95553734318996],[108.07128071280715,-6.346518380559658],[108.48528485284857,-6.422683517709601]]],[[[104.37044370443704,-1.0843536828004403],[104.53964539645398,-1.7816878273732328],[104.8888488884889,-2.340232166472788],[105.62325623256231,-2.428245213846054],[106.10926109261095,-3.061262131492228],[105.85725857258575,-4.305292704941252],[105.8176581765818,-5.852291268386708],[104.70884708847092,-5.872601971626693],[103.86643866438664,-5.0364780215806775],[102.5848258482585,-4.220664774774647],[102.15642156421563,-3.614728794781797],[101.40041400414003,-2.800608106579091],[100.90360903609036,-2.0508046453030175],[100.14040140401403,-0.6510586803474467],[99.26199261992622,0.183372711095231],[98.97038970389707,1.0431924815878943],[98.59958599585997,1.8234619977239532],[97.69957699576997,2.453093798163465],[97.17757177571775,3.3095284514494665],[96.42516425164251,3.8680727905490215],[95.38115381153813,4.971620999921498],[95.2947529475295,5.479388580921096],[95.93555935559357,5.438767174441125],[97.48357483574836,5.245815493661283],[98.36918369183695,4.269209179538706],[99.14319143191432,3.590493179602575],[99.6939969399694,3.174123763182905],[100.64080640806407,2.099349050067076],[101.65961659616596,2.0841160226370903],[102.49842498424988,1.3986297882876215],[103.07803078030781,0.5608132796382819],[103.83763837638378,0.10382245673862656],[103.43803438034382,-0.7119907900673894],[104.01044010440103,-1.0589653037504547],[104.37044370443704,-1.0843536828004403]]]]}},{"type":"Feature","properties":{"id":"r6-sudan","name":"Sudan","tradition":"christianity","grade":"b","sources":["oxford-early-christian-studies-2008"]},"geometry":{"type":"Polygon","coordinates":[[[24.56844568445686,8.229796311335619],[23.80523805238053,8.666476430995274],[23.45963459634598,8.954211393561721],[23.394833948339482,9.2656421765748],[23.556835568355694,9.682011592994485],[23.55323553235533,10.089918216397493],[22.977229772297733,10.714472341027005],[22.86562865628656,11.142689667670012],[22.876428764287652,11.384725547946488],[22.509225092250944,11.679230744926258],[22.49842498424985,12.259778345869137],[22.289622896228963,12.645681707428835],[21.93681936819368,12.58813471491554],[22.037620376203762,12.955419931838591],[22.29682296822969,13.371789348258261],[22.181621816218183,13.786466206074607],[22.51282512825128,14.092819313277701],[22.30402304023042,14.326392400537515],[22.566825668256683,14.944176290753703],[23.02403024030241,15.680439283203128],[23.88803888038882,15.61104438046651],[23.83763837638378,19.580094305280085],[23.848438484384843,19.999848838906416],[25.00045000450004,20.00323395611308],[25.00045000450004,22.00045310804485],[29.021690216902186,22.00045310804485],[32.898928989289914,22.00045310804485],[36.86616866168663,22.00045310804485],[37.190171901719026,21.01876911811229],[36.97056970569707,20.837665347555756],[37.114571145711466,19.808589716729898],[37.481774817748175,18.613643342777493],[37.86337863378634,18.368222345294356],[38.41058410584105,17.997552011164643],[37.902979029790316,17.427159761841764],[37.16857168571687,17.262981577318556],[36.85176851768517,16.95662847011546],[36.75456754567546,16.29145293900598],[36.32256322563225,14.822312071313803],[36.43056430564306,14.422868240927443],[36.268562685626875,13.56304847043478],[35.865358653586554,12.577979363295555],[35.26055260552607,12.082059692519266],[34.83214832148323,11.31871576241653],[34.73134731347315,10.910809139013523],[34.256142561425634,10.6298444108604],[33.96093960939609,9.583843194001219],[33.97533975339755,8.685094575631922],[33.96453964539646,9.463671533164657],[33.82413824138243,9.483982236404628],[33.84213842138422,9.98159446578424],[33.72333723337235,10.325183862260644],[33.208532085320854,10.719550016837005],[33.08613086130862,11.440579981856445],[33.208532085320854,12.178535532909194],[32.74412744127443,12.247930435645813],[32.67572675726757,12.024512700005985],[32.07452074520745,11.973735941906028],[32.31572315723159,11.680923303529582],[32.39852398523985,11.080064999346718],[31.851318513185134,10.531676011867148],[31.35451354513546,9.810646046847708],[30.83610836108363,9.707399972044456],[29.99729997299974,10.291332690194011],[29.61929619296194,10.084840540587493],[29.514895148951496,9.793720460814399],[29.00009000090003,9.604153897241204],[28.967689676896782,9.3976617476347],[27.970479704797043,9.3976617476347],[27.83367833678338,9.604153897241204],[27.11367113671136,9.638005069307852],[26.75366753667538,9.467056650371319],[26.47646476464766,9.553377139141247],[25.961659616596165,10.135617298687464],[25.78885788857889,10.411504351030572],[25.0688506885069,10.274407104160687],[24.795247952479542,9.810646046847708],[24.536045360453613,8.916975104288412],[24.194041940419424,8.729101099318555],[23.88803888038882,8.61908479010198],[24.56844568445686,8.229796311335619]]]}},{"type":"Feature","properties":{"id":"r6-france","name":"France","tradition":"christianity","grade":"a","sources":["oxford-early-christian-studies-2008"]},"geometry":{"type":"MultiPolygon","coordinates":[[[[-51.658716587165856,4.155807753115468],[-52.24912249122491,3.241826107316186],[-52.555125551255514,2.503870556263422],[-52.94032940329403,2.1247374291170473],[-53.41913419134191,2.0536499677771047],[-53.55593555935559,2.3346146959302274],[-53.779137791377906,2.3769286610135225],[-54.088740887408875,2.1061192844803998],[-54.52434524345243,2.3126114340869037],[-54.268742687426865,2.7323659677132497],[-54.18234182341823,3.189356790612891],[-54.00594005940059,3.6192666758592225],[-54.39834398343983,4.213354745628749],[-54.477544775447754,4.897148421374894],[-53.95913959139591,5.756968191867543],[-53.61713617136171,5.646951882650967],[-52.882728827288275,5.409993678184492],[-51.82431824318243,4.565406935121814],[-51.658716587165856,4.155807753115468]]],[[[6.186661866618664,49.463909005710065],[6.658266582665846,49.201562422193604],[8.098280982809825,49.01707353443041],[7.594275942759424,48.33327985868428],[7.468274682746824,47.620712686681486],[7.191071910719103,47.44976426774497],[6.7374673746737415,47.54116243232488],[6.76986769867699,47.28727864182508],[6.0390603906039075,46.725349185518866],[6.021060210602116,46.273436038429224],[6.499864998649997,46.42915142993576],[6.841868418684186,45.990778751672764],[6.802268022680238,45.70812146491633],[7.097470974709751,45.33237345497662],[6.748267482674834,45.02771290637685],[7.0074700747007626,44.25421362465411],[7.551075510755112,44.127271729404214],[7.435874358743604,43.693976726951234],[6.528665286652881,43.12866215343834],[4.555845558455587,43.399471529971464],[3.101431014310151,43.07450027813172],[2.986229862298643,42.473641973948844],[1.8270182701827196,42.34331496149228],[0.700207002070016,42.79522810858194],[0.33660336603367114,42.58027316595877],[-1.5030150301502943,43.03387887165175],[-1.9026190261902514,43.42316735041811],[-1.384213842138422,44.02233309599765],[-1.1934119341193252,46.01447457211941],[-2.2266222662226482,47.063860906185255],[-2.9646296462964585,47.56993592858154],[-4.491044910449091,47.95414673153789],[-4.591845918459171,48.683639489574006],[-3.2958329583295836,48.90197954940382],[-1.6182161821618024,48.64471064169737],[-1.9350193501934996,49.77703234732647],[-0.9882098820988006,49.34712246208014],[1.337413374133746,50.127391978216195],[1.6398163981639868,50.94659034222889],[2.5146251462514613,51.148004816025406],[2.658626586265882,50.79764518513568],[3.123031230312307,50.780719599102355],[3.5874358743587607,50.379583210112685],[4.285842858428595,49.907359359783044],[4.80064800648006,49.98521705553631],[5.675456754567563,49.52991879123999],[5.898658986589879,49.44190574386673],[6.186661866618664,49.463909005710065]]],[[[8.746287462874648,42.62766480685207],[9.390693906939077,43.010183051205104],[9.55989559895599,42.152055839315764],[9.228692286922865,41.38024911619637],[8.775087750877503,41.58335614859621],[8.544685446854487,42.256994472722354],[8.746287462874648,42.62766480685207]]]]}},{"type":"Feature","properties":{"id":"r6-israel","name":"Israel","tradition":"christianity","grade":"b","sources":["oxford-early-christian-studies-2008"]},"geometry":{"type":"Polygon","coordinates":[[[35.721357213572134,32.70927139132648],[35.54495544955449,32.394455491106726],[35.18495184951851,32.53324529657995],[34.976149761497624,31.866377206867142],[35.22455224552246,31.754668339047228],[34.968949689496895,31.617571092177343],[34.92574925749258,31.353531950057544],[35.39735397353974,31.488936638324105],[35.42255422554226,31.099648159557745],[34.92214922149222,29.501872838012318],[34.8249482494825,29.760834304322117],[34.2669426694267,31.21981982039432],[34.55494554945551,31.548176189440724],[34.48654486544865,31.60572318195402],[34.75294752947531,32.072869356473646],[34.95454954549547,32.82775049355972],[35.09855098550986,33.079941725456194],[35.127351273512744,33.09009707707618],[35.46215462154623,33.088404518472856],[35.55215552155522,33.26443061321939],[35.822158221582214,33.27797108204604],[35.83655836558367,32.86837190003969],[35.69975699756998,32.716041625739805],[35.721357213572134,32.70927139132648]]]}},{"type":"Feature","properties":{"id":"r6-lebanon","name":"Lebanon","tradition":"christianity","grade":"a","sources":["oxford-early-christian-studies-2008"]},"geometry":{"type":"Polygon","coordinates":[[[35.822158221582214,33.27797108204604],[35.55215552155522,33.26443061321939],[35.46215462154623,33.088404518472856],[35.127351273512744,33.09009707707618],[35.48375483754839,33.90591032388221],[35.98055980559806,34.61001470286833],[35.998559985599854,34.6455584335383],[36.44856448564485,34.59308911683502],[36.610566105661064,34.20210807946532],[36.066960669606715,33.82466751092228],[35.822158221582214,33.27797108204604]]]}},{"type":"Feature","properties":{"id":"r6-palestine","name":"Palestine","tradition":"christianity","grade":"b","sources":["oxford-early-christian-studies-2008"]},"geometry":{"type":"Polygon","coordinates":[[[35.39735397353974,31.488936638324105],[34.92574925749258,31.353531950057544],[34.968949689496895,31.617571092177343],[35.22455224552246,31.754668339047228],[34.976149761497624,31.866377206867142],[35.18495184951851,32.53324529657995],[35.54495544955449,32.394455491106726],[35.54495544955449,31.781749276700538],[35.39735397353974,31.488936638324105]]]}},{"type":"Feature","properties":{"id":"r6-tunisia","name":"Tunisia","tradition":"christianity","grade":"b","sources":["oxford-early-christian-studies-2008"]},"geometry":{"type":"Polygon","coordinates":[[[9.480694806948065,30.307530733198362],[9.055890558905588,32.10333541133362],[8.440284402844043,32.50616435892664],[8.42948429484295,32.748200239203115],[7.612276122761244,33.34398086757599],[7.525875258752592,34.09716944605873],[8.141481414814166,34.6557137851583],[8.375483754837546,35.47998982498099],[8.217082170821726,36.432900318656905],[8.422284222842222,36.9457455754665],[9.50949509495095,37.35026708166285],[10.211502115021148,37.23009542082629],[10.179101791017928,36.724020398430014],[11.028710287102882,37.091305615353065],[11.100711007110078,36.900046493176546],[10.600306003060041,36.40920449821026],[10.593105931059313,35.94713599950062],[10.938709387093866,35.69832988481082],[10.80910809108093,34.833432438508154],[10.150301503015044,34.33074253331854],[10.341103411034112,33.785738663045635],[10.855908559085606,33.768813077012325],[11.107911079110806,33.29320410947602],[11.489514895148972,33.137488717969475],[11.431914319143203,32.369067112056754],[10.945909459094594,32.08133214949031],[10.636306363063625,31.761438573460552],[9.948699486994883,31.375535211900853],[10.056700567005663,30.962550912687846],[9.970299702997039,30.539411261854852],[9.480694806948065,30.307530733198362]]]}},{"type":"Feature","properties":{"id":"r6-algeria","name":"Algeria","tradition":"christianity","grade":"c","sources":["oxford-early-christian-studies-2008"]},"geometry":{"type":"Polygon","coordinates":[[[-8.685086850868515,27.396329935467307],[-8.66348663486633,27.58928161624715],[-8.667086670866695,27.65698396038043],[-8.674286742867423,28.841774982712835],[-7.057870578705774,29.5797305337656],[-6.0606606066060635,29.732060808065484],[-5.243452434524329,30.00117762599527],[-4.858248582485828,30.500482413978204],[-3.6918369183691766,30.896541127157903],[-3.6486364863648646,31.637881795417314],[-3.069030690306903,31.724202284187257],[-2.6154261542615416,32.09487261831697],[-1.3086130861308618,32.262435920046826],[-1.1250112501124931,32.6517243988132],[-1.387813878138786,32.86329422422969],[-1.733417334173339,33.91945079270887],[-1.794617946179443,34.52707933130506],[-2.1690216902169084,35.168559041967896],[-1.2078120781207815,35.71525547084413],[-0.1278012780127824,35.887896448384],[0.5022050220502194,36.300880747597006],[1.4670146701467104,36.605541296196776],[3.1626316263162835,36.78325994954663],[4.815048150481516,36.864502762506575],[5.319053190531918,36.71725016401669],[6.262262622626224,37.10992375998971],[7.331473314733159,37.118386553006374],[7.738277382773845,36.886506024349885],[8.422284222842222,36.9457455754665],[8.217082170821726,36.432900318656905],[8.375483754837546,35.47998982498099],[8.141481414814166,34.6557137851583],[7.525875258752592,34.09716944605873],[7.612276122761244,33.34398086757599],[8.42948429484295,32.748200239203115],[8.440284402844043,32.50616435892664],[9.055890558905588,32.10333541133362],[9.480694806948065,30.307530733198362],[9.80469804698049,29.42401514225905],[9.858698586985867,28.960254084946087],[9.682296822968226,28.144440838140056],[9.757897578975786,27.6874500152404],[9.62829628296285,27.14075358636417],[9.714697146971474,26.512814344527996],[9.318693186931881,26.094752369504988],[9.909099090990907,25.365259611468886],[9.948699486994883,24.937042284825893],[10.305103051030528,24.378497945726323],[10.773107731077317,24.562986833489518],[11.561515615156168,24.097533217573215],[12.000720007200073,23.471286534340365],[8.573485734857343,21.56546554698852],[5.679056790567898,19.600405008520056],[4.267842678426803,19.15526209584374],[3.1590315903159194,19.057093696850487],[3.148231482314827,19.693495731703322],[2.683826838268402,19.855981357623193],[2.0610206102061,20.1420237615863],[1.8234182341823555,20.610862494709266],[-1.5498154981549703,22.792570534404234],[-4.923049230492296,24.974278574099202],[-8.685086850868515,27.396329935467307]]]}},{"type":"Feature","properties":{"id":"r6-jordan","name":"Jordan","tradition":"christianity","grade":"b","sources":["oxford-early-christian-studies-2008"]},"geometry":{"type":"Polygon","coordinates":[[[35.54495544955449,32.394455491106726],[35.721357213572134,32.70927139132648],[36.83376833768338,32.3132126781468],[38.79218792187922,33.379524598245965],[39.19539195391954,32.16088240384691],[39.00459004590047,32.010244688150365],[37.00297002970029,31.50924734156409],[38.00018000180003,30.508945206994866],[37.66897668976691,30.337996788058334],[37.50337503375036,30.00456274320193],[36.74016740167403,29.865772937728707],[36.502565025650256,29.505257955218994],[36.07056070560705,29.197212289412562],[34.95454954549547,29.35631279812577],[34.92214922149222,29.501872838012318],[35.42255422554226,31.099648159557745],[35.39735397353974,31.488936638324105],[35.54495544955449,31.781749276700538],[35.54495544955449,32.394455491106726]]]}},{"type":"Feature","properties":{"id":"r6-iraq","name":"Iraq","tradition":"zoroastrianism","grade":"b","sources":["boyce-zoroastrians"]},"geometry":{"type":"Polygon","coordinates":[[[39.19539195391954,32.16088240384691],[38.79218792187922,33.379524598245965],[41.00621006210062,34.41875558069181],[41.38421384213842,35.6289349820742],[41.29061290612907,36.3584277401103],[41.83781837818378,36.605541296196776],[42.34902349023491,37.23009542082629],[42.777427774277754,37.385810812332835],[43.943839438394406,37.25548379987626],[44.29304293042932,37.00160000937646],[44.771847718477204,37.17085586970967],[45.419854198542,35.9776020543606],[46.07506075060752,35.67801918157083],[46.15066150661508,35.09408646342129],[45.65025650256504,34.74880450834155],[45.416254162541634,33.968534992205505],[46.111061110611104,33.017317057132914],[47.33507335073352,32.468928069653344],[47.84987849878499,31.70896925675727],[47.68427684276844,30.98455417453117],[48.00468004680047,30.98455417453117],[48.015480154801566,30.45309077308491],[48.56628566285664,29.926705047448664],[47.97587975879759,29.975789246945283],[47.302673026730275,30.05872461850855],[46.56826568265683,29.09904389041931],[44.71064710647107,29.178594144775914],[41.88821888218882,31.189353765534335],[40.40140401404014,31.89007302731379],[39.19539195391954,32.16088240384691]]]}},{"type":"Feature","properties":{"id":"r6-cambodia","name":"Cambodia","tradition":"hinduism","grade":"c","sources":["flood-hinduism-1996"]},"geometry":{"type":"Polygon","coordinates":[[[102.5848258482585,12.186998325925856],[102.34722347223476,13.393792610101585],[102.98802988029882,14.226531442940924],[104.28044280442805,14.416098006514119],[105.22005220052199,14.27392308383422],[106.04446044460445,13.881249487861197],[106.49806498064981,14.570120839417328],[107.38367383673835,14.202835622494277],[107.61407614076143,13.53596753278147],[107.49167491674916,12.337636041622403],[105.81045810458107,11.567521877106344],[106.24966249662498,10.96158589711348],[105.19845198451986,10.8888058771702],[104.33444334443345,10.485976929577191],[103.49563495634959,10.633229528067076],[103.09243092430927,11.152845019289998],[102.5848258482585,12.186998325925856]]]}},{"type":"Feature","properties":{"id":"r6-thailand","name":"Thailand","tradition":"buddhism","grade":"c","sources":["princeton-dict-buddhism-2014"]},"geometry":{"type":"Polygon","coordinates":[[[105.22005220052199,14.27392308383422],[104.28044280442805,14.416098006514119],[102.98802988029882,14.226531442940924],[102.34722347223476,13.393792610101585],[102.5848258482585,12.186998325925856],[101.68841688416887,12.645681707428835],[100.83160831608319,12.627063562792173],[100.97920979209795,13.412410754738232],[100.09720097200972,13.407333078928232],[100.01800018000182,12.307169986762432],[99.47799477994784,10.846491912086904],[99.15399153991541,9.962976321147593],[99.22239222392227,9.238561238921491],[99.87399873998743,9.20809518406152],[100.28080280802811,8.295806096865562],[100.46080460804609,7.429216091959574],[101.0188101881019,6.857131284033358],[101.62361623616238,6.740344740403444],[102.14202142021423,6.222421807783846],[101.81441814418145,5.811130067174176],[101.15561155611556,5.6909584063376],[101.07641076410766,6.205496221750536],[100.25920259202593,6.642176341410192],[100.08640086400862,6.464457688060335],[99.69039690396903,6.848668491016696],[99.52119521195215,7.342895603189646],[98.98838988389883,7.908210176702539],[98.50238502385025,8.38212658563549],[98.34038340383404,7.794808750279287],[98.14958149581497,8.349967972172195],[98.25758257582578,8.974522096801707],[98.55278552785529,9.932510266287622],[99.03879038790387,10.959893338510142],[99.58599585995859,11.892493128946086],[99.19719197191972,12.804782216142044],[99.21159211592118,13.268543273455009],[99.09639096390964,13.827087612554578],[98.43038430384303,14.622590156120623],[98.19278192781928,15.123587502706897],[98.53838538385384,15.308076390470077],[98.90198901989021,16.17805151258274],[98.49518495184952,16.838149367882224],[97.85797857978582,17.56764212591831],[97.37557375573755,18.446080041047637],[97.79677796777969,18.627183811604155],[98.25398253982542,19.708728759133308],[98.95958959589598,19.75273528281994],[99.54279542795427,20.186030285272935],[100.11520115201154,20.417910813929424],[100.54720547205471,20.109865148122992],[100.60480604806048,19.509006843940128],[101.28161281612819,19.46330776165017],[101.03681036810372,18.408843751774327],[101.05841058410584,17.511787692008355],[102.11322113221132,18.109260878984557],[102.4120241202412,17.93323478423804],[102.99882998829992,17.962008280494672],[103.20043200432008,18.308982794177737],[103.95643956439568,18.241280450044457],[104.71604716047159,17.42885232044509],[104.78084780847809,16.442090654702525],[105.58725587255873,15.570422973986538],[105.54405544055442,14.724143672320537],[105.22005220052199,14.27392308383422]]]}},{"type":"Feature","properties":{"id":"r6-laos","name":"Laos","tradition":"buddhism","grade":"c","sources":["princeton-dict-buddhism-2014"]},"geometry":{"type":"Polygon","coordinates":[[[107.38367383673835,14.202835622494277],[106.49806498064981,14.570120839417328],[106.04446044460445,13.881249487861197],[105.22005220052199,14.27392308383422],[105.54405544055442,14.724143672320537],[105.58725587255873,15.570422973986538],[104.78084780847809,16.442090654702525],[104.71604716047159,17.42885232044509],[103.95643956439568,18.241280450044457],[103.20043200432008,18.308982794177737],[102.99882998829992,17.962008280494672],[102.4120241202412,17.93323478423804],[102.11322113221132,18.109260878984557],[101.05841058410584,17.511787692008355],[101.03681036810372,18.408843751774327],[101.28161281612819,19.46330776165017],[100.60480604806048,19.509006843940128],[100.54720547205471,20.109865148122992],[100.11520115201154,20.417910813929424],[100.32760327603279,20.7868885894558],[101.18081180811811,21.436831093135297],[101.2708127081271,21.201565447272145],[101.80361803618035,21.174484509618836],[101.65241652416523,22.31865412547127],[102.17082170821709,22.46421416535783],[102.75402754027539,21.67548185620511],[103.20403204032039,20.766577886215813],[104.43524435244353,20.75811509319915],[104.8240482404824,19.88644741248318],[104.18324183241833,19.624100828966704],[103.89523895238955,19.26527840506033],[105.09405094050942,18.667805218084126],[105.92565925659255,17.484706754355045],[106.55566555665558,16.604576280622396],[107.31167311673119,15.908934694652942],[107.56367563675639,15.201445198460164],[107.38367383673835,14.202835622494277]]]}},{"type":"Feature","properties":{"id":"r6-myanmar","name":"Myanmar","tradition":"buddhism","grade":"b","sources":["princeton-dict-buddhism-2014"]},"geometry":{"type":"Polygon","coordinates":[[[100.11520115201154,20.417910813929424],[99.54279542795427,20.186030285272935],[98.95958959589598,19.75273528281994],[98.25398253982542,19.708728759133308],[97.79677796777969,18.627183811604155],[97.37557375573755,18.446080041047637],[97.85797857978582,17.56764212591831],[98.49518495184952,16.838149367882224],[98.90198901989021,16.17805151258274],[98.53838538385384,15.308076390470077],[98.19278192781928,15.123587502706897],[98.43038430384303,14.622590156120623],[99.09639096390964,13.827087612554578],[99.21159211592118,13.268543273455009],[99.19719197191972,12.804782216142044],[99.58599585995859,11.892493128946086],[99.03879038790387,10.959893338510142],[98.55278552785529,9.932510266287622],[98.45558455584558,10.675543493150371],[98.76518765187654,11.440579981856445],[98.42678426784266,12.032975493022647],[98.50958509585098,13.122983233568462],[98.1027810278103,13.64090616618806],[97.77877778777787,14.837545098743789],[97.5987759877599,16.10019381682946],[97.16317163171635,16.929547532462152],[96.50436504365047,16.42685762727254],[95.37035370353703,15.714290455269762],[94.80874808748086,15.803996061246366],[94.18954189541898,16.03756914850618],[94.53514535145354,17.276522046145217],[94.32634326343265,18.214199512391147],[93.54153541535419,19.366831921260243],[93.6639366393664,19.727346903769956],[93.07713077130774,19.855981357623193],[92.36792367923681,20.6701020458259],[92.30312303123031,21.47575994101193],[92.65232652326523,21.323429666712045],[92.67392673926742,22.041074514524823],[93.16713167131672,22.278032718991298],[93.05913059130592,22.702864928427644],[93.28593285932862,23.04306920769737],[93.32553325533257,24.078915072936567],[94.10674106741067,23.85041966148674],[94.5531455314553,24.67469570130943],[94.60354603546034,25.162152579069044],[95.15435154351542,26.001661646321722],[95.12555125551256,26.57374645424794],[96.41796417964179,27.264310364407407],[97.13437134371344,27.083206593850875],[97.05157051570518,27.69929792546374],[97.4007740077401,27.882094254623595],[97.32877328773287,28.261227381769956],[97.91197911979123,28.335699960316575],[98.24678246782469,27.746689566357034],[98.68238682386823,27.50803880328722],[98.71118711187114,26.743002314581148],[98.67158671586719,25.918726274758455],[97.72477724777247,25.084294883315778],[97.60597605976062,23.897811302380035],[98.6607866078661,24.063682045506567],[98.89838898388984,23.14293016529396],[99.53199531995318,22.94828592591078],[99.24039240392403,22.11893221027809],[99.98199981999824,21.74318420033839],[100.41760417604178,21.558695312575196],[101.14841148411483,21.849815392348304],[101.18081180811811,21.436831093135297],[100.32760327603279,20.7868885894558],[100.11520115201154,20.417910813929424]]]}},{"type":"Feature","properties":{"id":"r6-vietnam","name":"Vietnam","tradition":"chinese-traditions","grade":"c","sources":["yao-confucianism-2000","kohn-daoism-2000"]},"geometry":{"type":"Polygon","coordinates":[[[104.33444334443345,10.485976929577191],[105.19845198451986,10.8888058771702],[106.24966249662498,10.96158589711348],[105.81045810458107,11.567521877106344],[107.49167491674916,12.337636041622403],[107.61407614076143,13.53596753278147],[107.38367383673835,14.202835622494277],[107.56367563675639,15.201445198460164],[107.31167311673119,15.908934694652942],[106.55566555665558,16.604576280622396],[105.92565925659255,17.484706754355045],[105.09405094050942,18.667805218084126],[103.89523895238955,19.26527840506033],[104.18324183241833,19.624100828966704],[104.8240482404824,19.88644741248318],[104.43524435244353,20.75811509319915],[103.20403204032039,20.766577886215813],[102.75402754027539,21.67548185620511],[102.17082170821709,22.46421416535783],[102.70722707227071,22.709635162840968],[103.50283502835032,22.704557487030968],[104.47844478444784,22.819651472057544],[105.3280532805328,23.352807432107127],[105.81045810458107,22.97705942216743],[106.72486724867252,22.794263093007572],[106.56646566465668,22.21879316787468],[107.04167041670416,21.812579103074995],[108.04968049680497,21.551925078161872],[106.71406714067143,20.69718298347921],[105.88245882458824,19.75273528281994],[105.66285662856632,19.058786255453825],[106.42606426064259,18.00432224557798],[107.36207362073623,16.697667003805662],[108.26928269282695,16.079883113589474],[108.8776887768878,15.275917777006768],[109.33489334893352,13.425951223564894],[109.20169201692016,11.667382834702934],[108.36648366483666,11.008977538006775],[107.2216722167222,10.364112710137277],[106.40446404464046,9.531373877297938],[105.15885158851592,8.600466645465332],[104.79524795247954,9.24025379752483],[105.0760507605076,9.91896979746096],[104.33444334443345,10.485976929577191]]]}},{"type":"Feature","properties":{"id":"r6-north-korea","name":"North Korea","tradition":"buddhism","grade":"b","sources":["princeton-dict-buddhism-2014"]},"geometry":{"type":"MultiPolygon","coordinates":[[[[130.78030780307802,42.219758183449045],[130.78030780307802,42.219758183449045],[130.78030780307802,42.219758183449045],[130.78030780307802,42.219758183449045]]],[[[130.639906399064,42.39578427819558],[130.78030780307802,42.219758183449045],[130.39870398703988,42.280690293169],[129.9666996669967,41.9421785725026],[129.66789667896683,41.60028173462953],[129.7038970389704,40.882636886816755],[129.18909189091892,40.6626042683836],[129.00909009090094,40.48488561503373],[128.63468634686348,40.19038041805396],[127.96867968679686,40.02620223353077],[127.53307533075332,39.75708541560097],[127.5006750067501,39.323790413147975],[127.38547385473856,39.2137741039314],[127.78507785077852,39.05128847801153],[128.35028350283505,38.612915799748535],[128.20628206282066,38.37087991947206],[127.78147781477816,38.3048701339421],[127.07227072270723,38.255785934445484],[126.68346683466837,37.80556534595917],[126.23706237062373,37.84110907662914],[126.1758617586176,37.74971091204921],[125.68985689856902,37.93927747562239],[125.56745567455675,37.75140347065255],[125.2758527585276,37.66846809908927],[125.23985239852402,37.85803466266246],[124.98064980649809,37.94943282724239],[124.71064710647107,38.1085333359556],[124.98424984249846,38.548598572821916],[125.2218522185222,38.66538511645183],[125.13185131851321,38.84818144561169],[125.38745387453878,39.388107640074594],[125.32265322653228,39.550593265994465],[124.73584735847362,39.660609575211055],[124.26424264242644,39.9280338345375],[125.08145081450817,40.56951354520034],[126.18306183061833,41.10774718105992],[126.87066870668707,41.81692923585604],[127.34227342273425,41.503805894239605],[128.20988209882103,41.46656960496631],[128.05148051480518,41.99464788920589],[129.5958959589596,42.42455777445221],[129.99549995499956,42.98479467215512],[130.639906399064,42.39578427819558]]]]}},{"type":"Feature","properties":{"id":"r6-south-korea","name":"South Korea","tradition":"buddhism","grade":"b","sources":["princeton-dict-buddhism-2014"]},"geometry":{"type":"Polygon","coordinates":[[[126.1758617586176,37.74971091204921],[126.23706237062373,37.84110907662914],[126.68346683466837,37.80556534595917],[127.07227072270723,38.255785934445484],[127.78147781477816,38.3048701339421],[128.20628206282066,38.37087991947206],[128.35028350283505,38.612915799748535],[129.21429214292147,37.43320245322613],[129.45909459094594,36.78495250814997],[129.46989469894697,35.63232009928086],[129.0918909189092,35.08223855319797],[128.18468184681848,34.89097943102145],[127.38547385473856,34.4763025732051],[126.48546485464857,34.389982084435175],[126.3738637386374,34.93498595470808],[126.55746557465574,35.684789415984156],[126.11826118261183,36.72571295703334],[126.85986859868598,36.89327625876321],[126.1758617586176,37.74971091204921]]]}},{"type":"Feature","properties":{"id":"r6-india","name":"India","tradition":"hinduism","grade":"b","sources":["flood-hinduism-1996"]},"geometry":{"type":"Polygon","coordinates":[[[97.32877328773287,28.261227381769956],[97.4007740077401,27.882094254623595],[97.05157051570518,27.69929792546374],[97.13437134371344,27.083206593850875],[96.41796417964179,27.264310364407407],[95.12555125551256,26.57374645424794],[95.15435154351542,26.001661646321722],[94.60354603546034,25.162152579069044],[94.5531455314553,24.67469570130943],[94.10674106741067,23.85041966148674],[93.32553325533257,24.078915072936567],[93.28593285932862,23.04306920769737],[93.05913059130592,22.702864928427644],[93.16713167131672,22.278032718991298],[92.67392673926742,22.041074514524823],[92.14472144721447,23.627001925846912],[91.87111871118714,23.62361680864025],[91.70551705517056,22.985522215184076],[91.15831158311585,23.503445147803674],[91.46791467914682,24.07214483852323],[91.91431914319145,24.129691831036524],[92.37512375123754,24.975971132702526],[91.79911799117991,25.14691955163906],[90.87390873908743,25.13337908281241],[89.91989919899203,25.270476329682296],[89.83349833498335,25.964425357048427],[89.3546935469355,26.015202115148384],[88.56268562685625,26.44680455899804],[88.20988209882097,25.76808855906191],[88.92988929889299,25.238317716218987],[88.30708307083074,24.86595482348595],[88.0838808388084,24.50205472376956],[88.69948699486997,24.232937905839776],[88.53028530285303,23.630387043053574],[88.87588875888758,22.878891023174162],[89.03069030690307,22.05630754195481],[88.89028890288904,21.690714883635096],[88.20988209882097,21.70256279385842],[86.97506975069751,21.496070644251915],[87.03267032670328,20.742882065769166],[86.49986499864997,20.1521791132063],[85.05985059850599,19.478540789080157],[83.94023940239401,18.302212559764413],[83.18783187831878,17.670888200721564],[82.19422194221943,17.01586802123208],[82.19062190621906,16.5571846397291],[81.69381693816939,16.31007108364264],[80.79020790207903,15.951248659736251],[80.32580325803258,15.898779343032956],[80.02340023400234,15.137127971533545],[80.23220232202323,13.83555040557124],[80.28620286202863,13.006196689938548],[79.86139861398613,12.056671313469295],[79.85779857798576,10.357342475723954],[79.33939339393396,10.30825827622732],[78.8857888578886,9.546606904727923],[79.18819188191884,9.216557977078182],[78.27738277382775,8.932208131718397],[77.94257942579429,8.253492131782266],[77.53937539375397,7.96575716921582],[76.59256592565924,8.900049518255088],[76.13176131761321,10.299795483210659],[75.74655746557465,11.308560410796545],[75.39735397353974,11.780784261126172],[74.86454864548645,12.74215754781875],[74.61614616146161,13.992958355681111],[74.44334443344434,14.617512480310623],[73.53253532535325,15.990177507612884],[73.11853118531187,17.92815710842804],[72.81972819728199,19.207731412547034],[72.82332823328235,20.419603372532748],[72.62892628926289,21.355588280175354],[71.17451174511746,20.75811509319915],[70.4689046890469,20.876594195432403],[69.16569165691658,22.088466155418118],[69.64449644496446,22.45067369653117],[69.34929349293495,22.84334729250419],[68.17568175681757,23.69131915277353],[68.84168841688418,24.359879801089676],[71.04491044910449,24.356494683883014],[70.84330843308433,25.21462189577234],[70.28170281702819,25.722389476771937],[70.17010170101702,26.49250364128801],[69.5148951489515,26.94103167117099],[70.61650616506165,27.98872544663351],[71.77931779317794,27.912560309483567],[72.82332823328235,28.96194664354941],[73.44973449734499,29.975789246945283],[74.42174421744218,30.97947649872117],[74.40734407344075,31.692043670723947],[75.25695256952571,32.27089871306349],[74.45054450544507,32.76512582523644],[74.10494104941051,33.442149266569245],[73.74853748537487,34.317202064491894],[74.24174241742418,34.74880450834155],[75.75735757357575,34.50507606946175],[76.87336873368736,34.65402122655496],[77.83817838178385,35.49353029380764],[78.91098910989109,34.322279740301894],[78.81018810188101,33.506466493495864],[79.20979209792097,32.993621236686266],[79.17739177391775,32.48416109708333],[78.45738457384573,32.61787322674655],[78.73818738187384,31.516017575977415],[79.7209972099721,30.88300065833124],[81.1106111061111,30.183973955155125],[80.4770047700477,29.730368249462146],[80.08820088200883,28.79438334181954],[81.05661056610569,28.41525021467318],[81.9998199982,27.926100778310214],[83.30303303033031,27.364171322003997],[84.67464674646749,27.23553686815076],[85.25065250652506,26.726076728547824],[86.02466024660248,26.631293446761234],[87.22707227072272,26.39772035950142],[88.0586805868059,26.41464594553473],[88.17388173881739,26.810704658714428],[88.04428044280445,27.445414134963926],[88.11988119881198,27.877016578813596],[88.73188731887319,28.08689384562676],[88.81468814688145,27.29985409507738],[88.83628836288364,27.098439621280875],[89.74349743497436,26.7193064941345],[90.37350373503733,26.875021885641047],[91.21591215912161,26.80901210011109],[92.03312033120335,26.837785596367738],[92.10512105121052,27.452184369377264],[91.69831698316983,27.772077945407005],[92.50472504725047,27.89732728205358],[93.4119341193412,28.64036050891633],[94.56754567545676,29.276762543769166],[95.40635406354062,29.03134154628603],[96.11916119161191,29.4527886385157],[96.58716587165873,28.83161963109285],[96.2487624876249,28.411865097466503],[97.32877328773287,28.261227381769956]]]}},{"type":"Feature","properties":{"id":"r6-bangladesh","name":"Bangladesh","tradition":"hinduism","grade":"c","sources":["flood-hinduism-1996"]},"geometry":{"type":"Polygon","coordinates":[[[92.67392673926742,22.041074514524823],[92.65232652326523,21.323429666712045],[92.30312303123031,21.47575994101193],[92.36792367923681,20.6701020458259],[92.08352083520839,21.191410095652145],[92.02592025920262,21.70087023525508],[91.8351183511835,22.183249437204708],[91.41751417514178,22.765489596750925],[90.4959049590496,22.804418444627558],[90.58590585905858,22.393126704017874],[90.27270272702725,21.836274923521643],[89.8478984789848,22.039381955921485],[89.70029700297005,21.85658562676163],[89.41949419494193,21.96660193597822],[89.03069030690307,22.05630754195481],[88.87588875888758,22.878891023174162],[88.53028530285303,23.630387043053574],[88.69948699486997,24.232937905839776],[88.0838808388084,24.50205472376956],[88.30708307083074,24.86595482348595],[88.92988929889299,25.238317716218987],[88.20988209882097,25.76808855906191],[88.56268562685625,26.44680455899804],[89.3546935469355,26.015202115148384],[89.83349833498335,25.964425357048427],[89.91989919899203,25.270476329682296],[90.87390873908743,25.13337908281241],[91.79911799117991,25.14691955163906],[92.37512375123754,24.975971132702526],[91.91431914319145,24.129691831036524],[91.46791467914682,24.07214483852323],[91.15831158311585,23.503445147803674],[91.70551705517056,22.985522215184076],[91.87111871118714,23.62361680864025],[92.14472144721447,23.627001925846912],[92.67392673926742,22.041074514524823]]]}},{"type":"Feature","properties":{"id":"r6-nepal","name":"Nepal","tradition":"hinduism","grade":"b","sources":["flood-hinduism-1996"]},"geometry":{"type":"Polygon","coordinates":[[[88.11988119881198,27.877016578813596],[88.04428044280445,27.445414134963926],[88.17388173881739,26.810704658714428],[88.0586805868059,26.41464594553473],[87.22707227072272,26.39772035950142],[86.02466024660248,26.631293446761234],[85.25065250652506,26.726076728547824],[84.67464674646749,27.23553686815076],[83.30303303033031,27.364171322003997],[81.9998199982,27.926100778310214],[81.05661056610569,28.41525021467318],[80.08820088200883,28.79438334181954],[80.4770047700477,29.730368249462146],[81.1106111061111,30.183973955155125],[81.52461524615245,30.422624718224938],[82.32742327423273,30.114579052418506],[83.33543335433353,29.462943990135685],[83.90063900639007,29.3207690674558],[84.23544235442353,28.84008242410951],[85.01305013050131,28.64205306751967],[85.82305823058232,28.203680389256675],[86.95346953469533,27.973492419203524],[88.11988119881198,27.877016578813596]]]}},{"type":"Feature","properties":{"id":"r6-pakistan","name":"Pakistan","tradition":"buddhism","grade":"c","sources":["princeton-dict-buddhism-2014"]},"geometry":{"type":"Polygon","coordinates":[[[77.83817838178385,35.49353029380764],[76.87336873368736,34.65402122655496],[75.75735757357575,34.50507606946175],[74.24174241742418,34.74880450834155],[73.74853748537487,34.317202064491894],[74.10494104941051,33.442149266569245],[74.45054450544507,32.76512582523644],[75.25695256952571,32.27089871306349],[74.40734407344075,31.692043670723947],[74.42174421744218,30.97947649872117],[73.44973449734499,29.975789246945283],[72.82332823328235,28.96194664354941],[71.77931779317794,27.912560309483567],[70.61650616506165,27.98872544663351],[69.5148951489515,26.94103167117099],[70.17010170101702,26.49250364128801],[70.28170281702819,25.722389476771937],[70.84330843308433,25.21462189577234],[71.04491044910449,24.356494683883014],[68.84168841688418,24.359879801089676],[68.17568175681757,23.69131915277353],[67.44487444874449,23.94520294327333],[67.14607146071461,24.662847791086108],[66.37206372063721,25.424499162585505],[64.52884528845289,25.236625157615663],[62.90522905229054,25.218007012979],[61.49761497614978,25.077524648902454],[61.87561875618758,26.240312409391535],[63.315633156331586,26.756542783407795],[63.2328323283233,27.216918723514112],[62.754027540275416,27.379404349433983],[62.728827288272896,28.259534823166632],[61.77121771217713,28.69960006003295],[61.36801368013681,29.303843481422476],[60.8748087480875,29.828536648455398],[62.54882548825489,29.31907650885246],[63.549635496354966,29.468021665945685],[64.14724147241472,29.341079770695785],[64.34884348843488,29.559419830525613],[65.04725047250474,29.471406783152347],[66.3468634686347,29.887776199572016],[66.3828638286383,30.739133177048018],[66.93726937269375,31.30444775056091],[67.68247682476826,31.302755191957587],[67.7940779407794,31.583719920110696],[68.55728557285573,31.714046932567257],[68.9280892808928,31.620956209384005],[69.3168931689317,31.901920937537113],[69.2628926289263,32.50277924171998],[69.68769687696877,33.10533010450618],[70.3249032490325,33.35921389500598],[69.92889928899291,34.01931175030546],[70.88290882908831,33.98884569544548],[71.15651156511566,34.349360677955204],[71.11331113311135,34.733571480911564],[71.61371613716139,35.15332601453791],[71.49851498514985,35.65093824391752],[71.26091260912611,36.074077894750516],[71.84771847718477,36.51075801441017],[72.92052920529207,36.72063528122335],[74.0689406894069,36.83572926624993],[74.57654576545767,37.02021815401311],[75.15975159751599,37.13361958043636],[75.89775897758977,36.66647340591672],[76.19296192961929,35.898051800003984],[77.83817838178385,35.49353029380764]]]}},{"type":"Feature","properties":{"id":"r6-afghanistan","name":"Afghanistan","tradition":"buddhism","grade":"c","sources":["princeton-dict-buddhism-2014"]},"geometry":{"type":"Polygon","coordinates":[[[66.51966519665197,37.36211499188617],[67.07407074070741,37.35534475747285],[67.83007830078301,37.145467490659684],[68.13608136081362,37.023603271219784],[68.85968859688597,37.343496847249526],[69.19449194491946,37.15054516646968],[69.51849518495186,37.60922854797265],[70.11610116101161,37.58891784473266],[70.2709027090271,37.734477884619224],[70.37530375303754,38.13899939081557],[70.80730807308075,38.485973904498636],[71.34731347313473,38.259171051652146],[71.23931239312395,37.95281794444905],[71.5417154171542,37.90542630355576],[71.44811448114481,37.06591723630308],[71.84411844118443,36.73756086725666],[72.19332193321935,36.949130692673165],[72.63612636126362,37.04729909166643],[73.2589325893259,37.49582712154941],[73.95013950139503,37.421354543002806],[74.97974979749799,37.41966198439947],[75.15975159751599,37.13361958043636],[74.57654576545767,37.02021815401311],[74.0689406894069,36.83572926624993],[72.92052920529207,36.72063528122335],[71.84771847718477,36.51075801441017],[71.26091260912611,36.074077894750516],[71.49851498514985,35.65093824391752],[71.61371613716139,35.15332601453791],[71.11331113311135,34.733571480911564],[71.15651156511566,34.349360677955204],[70.88290882908831,33.98884569544548],[69.92889928899291,34.01931175030546],[70.3249032490325,33.35921389500598],[69.68769687696877,33.10533010450618],[69.2628926289263,32.50277924171998],[69.3168931689317,31.901920937537113],[68.9280892808928,31.620956209384005],[68.55728557285573,31.714046932567257],[67.7940779407794,31.583719920110696],[67.68247682476826,31.302755191957587],[66.93726937269375,31.30444775056091],[66.3828638286383,30.739133177048018],[66.3468634686347,29.887776199572016],[65.04725047250474,29.471406783152347],[64.34884348843488,29.559419830525613],[64.14724147241472,29.341079770695785],[63.549635496354966,29.468021665945685],[62.54882548825489,29.31907650885246],[60.8748087480875,29.828536648455398],[61.7820178201782,30.735748059841356],[61.69921699216994,31.37892032910753],[60.943209432094335,31.548176189440724],[60.86400864008641,32.18288566569022],[60.53640536405365,32.98177332646294],[60.96480964809649,33.528469755339174],[60.52920529205292,33.67572235382906],[60.80280802808028,34.40352255326182],[61.20961209612096,35.649245685314185],[62.23202232022322,35.27011255816781],[62.98442984429846,35.40382468783105],[63.19323193231932,35.85743039352403],[63.98163981639817,36.008068109220574],[64.5468454684547,36.31272865782033],[64.7448474484745,37.111616318593036],[65.58725587255873,37.30456799937289],[65.74565745657458,37.66169786467594],[66.21726217262173,37.39427360534948],[66.51966519665197,37.36211499188617]]]}},{"type":"Feature","properties":{"id":"r6-tajikistan","name":"Tajikistan","tradition":"zoroastrianism","grade":"c","sources":["boyce-zoroastrians"]},"geometry":{"type":"Polygon","coordinates":[[[67.83007830078301,37.145467490659684],[68.39168391683918,38.15761753545222],[68.17568175681757,38.902343320918305],[67.44127441274415,39.139301525384795],[67.70047700477005,39.58105932085445],[68.53568535685358,39.533667679961155],[69.0108901089011,40.08544178464739],[69.33129331293313,40.728614053913546],[70.66690666906669,40.960494582570036],[70.45810458104583,40.496733525257056],[70.60210602106022,40.21915391431061],[71.01251012510127,40.244542293360595],[70.6489064890649,39.93649662755416],[69.55809558095581,40.10236737068071],[69.46449464494646,39.52689744554782],[70.54810548105482,39.6047551413011],[71.7829178291783,39.27978388946134],[73.67653676536767,39.4304216051579],[73.92853928539287,38.50628460773862],[74.25614256142563,38.60614556533521],[74.86454864548645,38.37934271248872],[74.82854828548287,37.99005423372236],[74.97974979749799,37.41966198439947],[73.95013950139503,37.421354543002806],[73.2589325893259,37.49582712154941],[72.63612636126362,37.04729909166643],[72.19332193321935,36.949130692673165],[71.84411844118443,36.73756086725666],[71.44811448114481,37.06591723630308],[71.5417154171542,37.90542630355576],[71.23931239312395,37.95281794444905],[71.34731347313473,38.259171051652146],[70.80730807308075,38.485973904498636],[70.37530375303754,38.13899939081557],[70.2709027090271,37.734477884619224],[70.11610116101161,37.58891784473266],[69.51849518495186,37.60922854797265],[69.19449194491946,37.15054516646968],[68.85968859688597,37.343496847249526],[68.13608136081362,37.023603271219784],[67.83007830078301,37.145467490659684]]]}},{"type":"Feature","properties":{"id":"r6-turkmenistan","name":"Turkmenistan","tradition":"zoroastrianism","grade":"b","sources":["boyce-zoroastrians"]},"geometry":{"type":"Polygon","coordinates":[[[52.50112501125011,41.78307806378939],[52.94392943929441,42.11651210864579],[54.07794077940781,42.324696816855635],[54.75474754747549,42.04373208870253],[55.45675456754569,41.260077455359806],[55.96795967959682,41.309161654856425],[57.09477094770949,41.32270212368309],[56.93276932769328,41.825392028872685],[57.7859778597786,42.170673983952426],[58.62838628386285,42.75122158489529],[59.97479974799748,42.22314330065571],[60.08280082800829,41.42594819848634],[60.46440464404645,41.22114860748316],[61.54801548015482,41.26684768977313],[61.88281882818828,41.08405136061327],[62.376023760237615,40.05328317118408],[63.51723517235172,39.36271926102462],[64.1688416884169,38.89218796929832],[65.21645216452166,38.40303853293537],[66.54486544865449,37.97482120629236],[66.51966519665197,37.36211499188617],[66.21726217262173,37.39427360534948],[65.74565745657458,37.66169786467594],[65.58725587255873,37.30456799937289],[64.7448474484745,37.111616318593036],[64.5468454684547,36.31272865782033],[63.98163981639817,36.008068109220574],[63.19323193231932,35.85743039352403],[62.98442984429846,35.40382468783105],[62.23202232022322,35.27011255816781],[61.20961209612096,35.649245685314185],[61.12321123211234,36.492139869773524],[60.3780037800378,36.527683600443495],[59.233192331923334,37.412891749986144],[58.437584375843755,37.52290805920272],[57.32877328773287,38.028983081598994],[56.619566195661974,38.12207380478225],[56.18036180361804,37.93589235841573],[55.51075510755109,37.964665854672376],[54.801548015480165,37.39258104674616],[53.92313923139233,37.1996293659663],[53.735937359373594,37.90542630355576],[53.879938799388015,38.95142752041494],[53.10233102331023,39.28993924108134],[53.35793357933579,39.97542547543081],[52.69552695526957,40.03297246794409],[52.915129151291524,40.87586665240343],[53.85833858338583,40.630445654920294],[54.7367473674737,40.950339230950036],[54.00954009540095,41.5511975351329],[53.721537215372166,42.12328234305913],[52.915129151291524,41.867705993955994],[52.81432814328144,41.13482811871323],[52.50112501125011,41.78307806378939]]]}},{"type":"Feature","properties":{"id":"r6-iran","name":"Iran","tradition":"zoroastrianism","grade":"a","sources":["boyce-zoroastrians"]},"geometry":{"type":"Polygon","coordinates":[[[48.56628566285664,29.926705047448664],[48.015480154801566,30.45309077308491],[48.00468004680047,30.98455417453117],[47.68427684276844,30.98455417453117],[47.84987849878499,31.70896925675727],[47.33507335073352,32.468928069653344],[46.111061110611104,33.017317057132914],[45.416254162541634,33.968534992205505],[45.65025650256504,34.74880450834155],[46.15066150661508,35.09408646342129],[46.07506075060752,35.67801918157083],[45.419854198542,35.9776020543606],[44.771847718477204,37.17085586970967],[44.22464224642246,37.9714360890857],[44.42264422644226,38.281174313495455],[44.109441094410954,39.428729046554565],[44.79344793447936,39.713078891914336],[44.95184951849518,39.3356383233713],[45.459454594545946,38.87356982466167],[46.14346143461435,38.74155025360177],[46.507065070650725,38.770323749858406],[47.68427684276844,39.50827930091117],[48.05868058680588,39.582751879457774],[48.35388353883539,39.288246682478004],[48.0118801188012,38.79401957030507],[48.634686346863475,38.27101896187547],[48.88308883088831,38.3201031613721],[49.19989199892001,37.58214761031934],[50.14670146701468,37.3739629021095],[50.84150841508415,36.87296555552322],[52.263522635226366,36.700324577983366],[53.82593825938261,36.96436372010315],[53.92313923139233,37.1996293659663],[54.801548015480165,37.39258104674616],[55.51075510755109,37.964665854672376],[56.18036180361804,37.93589235841573],[56.619566195661974,38.12207380478225],[57.32877328773287,38.028983081598994],[58.437584375843755,37.52290805920272],[59.233192331923334,37.412891749986144],[60.3780037800378,36.527683600443495],[61.12321123211234,36.492139869773524],[61.20961209612096,35.649245685314185],[60.80280802808028,34.40352255326182],[60.52920529205292,33.67572235382906],[60.96480964809649,33.528469755339174],[60.53640536405365,32.98177332646294],[60.86400864008641,32.18288566569022],[60.943209432094335,31.548176189440724],[61.69921699216994,31.37892032910753],[61.7820178201782,30.735748059841356],[60.8748087480875,29.828536648455398],[61.36801368013681,29.303843481422476],[61.77121771217713,28.69960006003295],[62.728827288272896,28.259534823166632],[62.754027540275416,27.379404349433983],[63.2328323283233,27.216918723514112],[63.315633156331586,26.756542783407795],[61.87561875618758,26.240312409391535],[61.49761497614978,25.077524648902454],[59.6147961479615,25.380492638898872],[58.52398523985241,25.610680608952038],[57.39717397173973,25.73931506280526],[56.972369723697255,26.966420050220975],[56.493564935649374,27.14413870357083],[55.723157231572316,26.964727491617637],[54.71514715147151,26.480655731064687],[53.494734947349485,26.812397217317752],[52.48312483124832,27.580818823230487],[51.52191521915219,27.86516866859027],[50.85230852308524,28.814694045059525],[50.11430114301143,30.148430224485153],[49.57789577895781,29.985944598565283],[48.94068940689408,30.317686084818348],[48.56628566285664,29.926705047448664]]]}},{"type":"Feature","properties":{"id":"r6-syria","name":"Syria","tradition":"christianity","grade":"a","sources":["oxford-early-christian-studies-2008"]},"geometry":{"type":"Polygon","coordinates":[[[35.721357213572134,32.70927139132648],[35.69975699756998,32.716041625739805],[35.83655836558367,32.86837190003969],[35.822158221582214,33.27797108204604],[36.066960669606715,33.82466751092228],[36.610566105661064,34.20210807946532],[36.44856448564485,34.59308911683502],[35.998559985599854,34.6455584335383],[35.9049590495905,35.41059492224437],[36.149761497614975,35.821886662854055],[36.41616416164163,36.04022672268388],[36.686166861668625,36.260259341117035],[36.74016740167403,36.817111121613266],[37.06777067770679,36.622466882230086],[38.169381693816945,36.90173905177987],[38.698586985869866,36.71217248820669],[39.5229952299523,36.71555760541335],[40.675006750067496,37.091305615353065],[41.211412114121146,37.07438002931974],[42.34902349023491,37.23009542082629],[41.83781837818378,36.605541296196776],[41.29061290612907,36.3584277401103],[41.38421384213842,35.6289349820742],[41.00621006210062,34.41875558069181],[38.79218792187922,33.379524598245965],[36.83376833768338,32.3132126781468],[35.721357213572134,32.70927139132648]]]}},{"type":"Feature","properties":{"id":"r6-armenia","name":"Armenia","tradition":"christianity","grade":"a","sources":["oxford-early-christian-studies-2008"]},"geometry":{"type":"Polygon","coordinates":[[[46.507065070650725,38.770323749858406],[46.14346143461435,38.74155025360177],[45.73665736657367,39.32040529594131],[45.74025740257403,39.47442812884452],[45.29745297452976,39.47104301163786],[45.00225002250022,39.74015982956766],[44.79344793447936,39.713078891914336],[44.4010440104401,40.004198971687444],[43.65583655836559,40.25300508637726],[43.75303753037531,40.74046196413687],[43.5838358383584,41.092514153629935],[44.973449734497365,41.24822954513648],[45.17865178651786,40.98588296162002],[45.560255602556026,40.81154942547681],[45.358653586535866,40.561050752183675],[45.89145891458915,40.21915391431061],[45.610656106561066,39.89926033828087],[46.03546035460354,39.628450961747745],[46.481864818648205,39.46427277722454],[46.507065070650725,38.770323749858406]]]}},{"type":"Feature","properties":{"id":"r6-romania","name":"Romania","tradition":"christianity","grade":"c","sources":["oxford-early-christian-studies-2008"]},"geometry":{"type":"Polygon","coordinates":[[[28.233282332823336,45.48808884648315],[28.67968679686797,45.303599958719985],[29.151291512915122,45.464393026036504],[29.604896048960484,45.293444607099985],[29.626496264962668,45.03617569939351],[29.14049140491406,44.819528198167006],[28.838088380883818,44.9143114799536],[28.557285572855733,43.70751719577788],[27.970479704797043,43.81245582918447],[27.243272432724325,44.17635592890085],[26.06606066060661,43.94278284164105],[25.569255692556936,43.68889905114125],[24.100441004410044,43.74136836784453],[23.333633336333378,43.89708375935106],[22.944829448294485,43.82430373940778],[22.6568265682657,44.23559548001748],[22.47322473224733,44.409929016160675],[22.70722707227074,44.577492317890545],[22.458824588245903,44.70274165453711],[22.14562145621457,44.47763136029394],[21.562415624156245,44.768751440067064],[21.48321483214832,45.18173573928007],[20.874808748087474,45.41700138514321],[20.76320763207633,45.73520240256963],[20.21960219602198,46.12787599854266],[21.02241022410226,46.315750003512505],[21.62721627216274,46.99446600344865],[22.098820988209894,47.673182003384795],[22.710827108271076,47.88136671159464],[23.14283142831428,48.0963216542178],[23.76203762037622,47.9863053450012],[24.402844028440285,47.98122766919121],[24.86724867248674,47.737499230311414],[25.209252092520927,47.89152206321461],[25.947259472594737,47.9863053450012],[26.195661956619574,48.221570990864365],[26.62046620466205,48.221570990864365],[26.922869228692292,48.1234025918711],[27.23247232472326,47.82720483628799],[27.552875528755294,47.40575774405832],[28.12888128881289,46.809977115685456],[28.16128161281614,46.37160443742246],[28.05328053280533,45.94507966938281],[28.233282332823336,45.48808884648315]]]}},{"type":"Feature","properties":{"id":"r6-greece","name":"Greece","tradition":"christianity","grade":"a","sources":["oxford-early-christian-studies-2008"]},"geometry":{"type":"MultiPolygon","coordinates":[[[[26.289262892628926,35.300578613027795],[26.163261632616326,35.00438085744469],[24.723247232472346,34.91975292727808],[24.73404734047341,35.08562367040463],[23.513635136351382,35.28026790978781],[23.700837008370087,35.70510011922414],[24.2480424804248,35.368280957161076],[25.02565025650256,35.42582794967436],[25.770857708577097,35.354740488334414],[25.745657456574577,35.18040695219122],[26.289262892628926,35.300578613027795]]],[[[22.952029520295213,41.33793515111307],[23.69363693636936,41.309161654856425],[24.4928449284493,41.58335614859621],[25.198451984519863,41.23468907630982],[26.105661056610586,41.32947235809641],[26.11646116461165,41.82708458747602],[26.60246602466026,41.5613528867529],[26.29286292862929,40.93679876212339],[26.055260552605546,40.823397335700136],[25.4468544685447,40.852170831956784],[24.924849248492478,40.946954113743374],[23.715237152371543,40.68630008883025],[24.40644406444065,40.12437063252402],[23.898838988389883,39.96188500660415],[23.34443344433444,39.96019244800081],[22.81522815228152,40.476422822017085],[22.628026280262816,40.25639020358392],[22.851228512285132,39.65891701660772],[23.35163351633517,39.19007828348475],[22.97362973629737,38.971738223654924],[23.531635316353174,38.50966972494528],[24.024840248402484,38.22024220377551],[24.03924039240394,37.65492763026262],[23.114031140311397,37.92065933098574],[23.409234092340938,37.40950663277948],[22.775627756277572,37.30456799937289],[23.153631536315373,36.42274496703692],[22.491224912249123,36.40920449821026],[21.670416704167053,36.84419205926659],[21.296012960129616,37.64477227864262],[21.119611196111975,38.3099478097521],[20.730807308073082,38.770323749858406],[20.216002160021617,39.3407159991813],[20.15120151201512,39.62506584454108],[20.615606156061574,40.11083016369736],[20.673206732067314,40.435801415537114],[21.000810008100075,40.57966889682034],[21.018810188101895,40.8420154803368],[21.674016740167417,40.93172108631339],[22.055620556205582,41.150061146143216],[22.595625956259568,41.12975044290323],[22.761227612276116,41.30408397904644],[22.952029520295213,41.33793515111307]]]]}},{"type":"Feature","properties":{"id":"r6-turkey","name":"Turkey","tradition":"christianity","grade":"a","sources":["oxford-early-christian-studies-2008"]},"geometry":{"type":"MultiPolygon","coordinates":[[[[44.771847718477204,37.17085586970967],[44.29304293042932,37.00160000937646],[43.943839438394406,37.25548379987626],[42.777427774277754,37.385810812332835],[42.34902349023491,37.23009542082629],[41.211412114121146,37.07438002931974],[40.675006750067496,37.091305615353065],[39.5229952299523,36.71555760541335],[38.698586985869866,36.71217248820669],[38.169381693816945,36.90173905177987],[37.06777067770679,36.622466882230086],[36.74016740167403,36.817111121613266],[36.686166861668625,36.260259341117035],[36.41616416164163,36.04022672268388],[36.149761497614975,35.821886662854055],[35.782557825578266,36.275492368547035],[36.16056160561607,36.65124037848673],[35.55215552155522,36.564919889716805],[34.71334713347133,36.795107859769956],[34.02574025740259,36.21963793463708],[32.51012510125102,36.107929066817164],[31.700117001170014,36.64447014407341],[30.620106201062015,36.67832131614004],[30.38970389703897,36.26364445832371],[29.698496984969864,36.14516535609046],[28.733687336873373,36.67662875753672],[27.642876428764282,36.65801061290006],[27.048870488704893,37.65323507165928],[26.31806318063181,38.20839429355219],[26.80406804068042,38.98527869248157],[26.170461704617054,39.46427277722454],[27.279272792727937,40.42056838810713],[28.820088200882026,40.45949723598376],[29.24129241292414,41.219456048879834],[31.145711457114572,41.087436477819935],[32.34812348123481,41.735686422896094],[33.51453514535146,42.01834370965254],[35.16695166951669,42.04034697149585],[36.912969129691305,41.33455003390641],[38.34938349383495,40.94864667234671],[39.51219512195124,41.10266950524992],[40.372603726037255,41.01296389927333],[41.55341553415536,41.535964507702914],[42.619026190261906,41.58335614859621],[43.5838358383584,41.092514153629935],[43.75303753037531,40.74046196413687],[43.65583655836559,40.25300508637726],[44.4010440104401,40.004198971687444],[44.79344793447936,39.713078891914336],[44.109441094410954,39.428729046554565],[44.42264422644226,38.281174313495455],[44.22464224642246,37.9714360890857],[44.771847718477204,37.17085586970967]]],[[[26.11646116461165,41.82708458747602],[27.135271352713545,42.14190048769578],[27.995679956799563,42.008188358032555],[28.114481144811464,41.62228499647286],[28.989289892898938,41.30069886183976],[28.80568805688057,41.055277864356626],[27.617676176761762,40.99942343044667],[27.192871928719285,40.69137776464025],[26.357663576635787,40.15145157017733],[26.044460444604454,40.61859774469697],[26.055260552605546,40.823397335700136],[26.29286292862929,40.93679876212339],[26.60246602466026,41.5613528867529],[26.11646116461165,41.82708458747602]]]]}},{"type":"Feature","properties":{"id":"r6-portugal","name":"Portugal","tradition":"christianity","grade":"a","sources":["oxford-early-christian-studies-2008"]},"geometry":{"type":"Polygon","coordinates":[[[-9.034290342903432,41.88124646278264],[-8.670686706867059,42.135130253282455],[-8.263882638826374,42.280690293169],[-8.011880118801173,41.79154085680605],[-7.4214742147421475,41.79154085680605],[-7.252272522725235,41.91848275205595],[-6.669066690666909,41.88293902138598],[-6.3882638826388245,41.381941674799705],[-6.85266852668525,41.11113229826658],[-6.863468634686342,40.330862782130524],[-7.0254702547025545,40.18530274224398],[-7.065070650706502,39.71138633331101],[-7.497074970749708,39.63014352035107],[-7.097470974709751,39.029285216168205],[-7.3746737467374714,38.372572478075384],[-7.02907029070289,38.07637472249229],[-7.165871658716583,37.80387278735583],[-7.536675366753656,37.42812477741613],[-7.453874538745367,37.09807584976639],[-7.8570785707856885,36.83911438345659],[-8.382683826838274,36.97959674753315],[-8.89748897488974,36.86958043831656],[-8.74628746287462,37.65154251305596],[-8.839888398883971,38.26594128606547],[-9.286292862928633,38.359032009248736],[-9.527495274952742,38.73816513639511],[-9.448294482944817,39.391492757281256],[-9.04869048690486,39.755392856997645],[-8.976689766897664,40.15991436319399],[-8.767887678876775,40.760772667376855],[-8.789487894878931,41.18391231820986],[-8.991089910899092,41.54273474211625],[-9.034290342903432,41.88124646278264]]]}},{"type":"Feature","properties":{"id":"r6-spain","name":"Spain","tradition":"christianity","grade":"a","sources":["oxford-early-christian-studies-2008"]},"geometry":{"type":"Polygon","coordinates":[[[-7.453874538745367,37.09807584976639],[-7.536675366753656,37.42812477741613],[-7.165871658716583,37.80387278735583],[-7.02907029070289,38.07637472249229],[-7.3746737467374714,38.372572478075384],[-7.097470974709751,39.029285216168205],[-7.497074970749708,39.63014352035107],[-7.065070650706502,39.71138633331101],[-7.0254702547025545,40.18530274224398],[-6.863468634686342,40.330862782130524],[-6.85266852668525,41.11113229826658],[-6.3882638826388245,41.381941674799705],[-6.669066690666909,41.88293902138598],[-7.252272522725235,41.91848275205595],[-7.4214742147421475,41.79154085680605],[-8.011880118801173,41.79154085680605],[-8.263882638826374,42.280690293169],[-8.670686706867059,42.135130253282455],[-9.034290342903432,41.88124646278264],[-8.983889838898392,42.59212107618208],[-9.394293942939413,43.02710863723843],[-7.979479794797953,43.74813860225785],[-6.755467554675533,43.56872739030467],[-5.41265412654127,43.57380506611466],[-4.3470434704346985,43.40285664717811],[-3.5190351903519,43.45532596388142],[-1.9026190261902514,43.42316735041811],[-1.5030150301502943,43.03387887165175],[0.33660336603367114,42.58027316595877],[0.700207002070016,42.79522810858194],[1.8270182701827196,42.34331496149228],[2.986229862298643,42.473641973948844],[3.0402304023040188,41.89140181440264],[2.093420934209348,41.22622628329316],[0.8118081180811885,41.014656457876654],[0.7218072180722004,40.67783729581359],[0.1062010620106264,40.12437063252402],[-0.27900279002790285,39.31024994432133],[0.10980109801099047,38.73816513639511],[-0.46620466204660715,38.29302222371878],[-0.682206822068224,37.643079720039296],[-1.4382143821438262,37.443357804846116],[-2.147421474214724,36.67493619893338],[-3.414634146341456,36.659703171503395],[-4.3686436864368545,36.67832131614004],[-4.995049950499492,36.32457656804365],[-5.3766537665376575,35.94713599950062],[-5.866258662586631,36.03007137106388],[-6.237062370623704,36.36689053312696],[-6.521465214652153,36.94236045825984],[-7.453874538745367,37.09807584976639]]]}},{"type":"Feature","properties":{"id":"r6-ireland","name":"Ireland","tradition":"christianity","grade":"a","sources":["oxford-early-christian-studies-2008"]},"geometry":{"type":"Polygon","coordinates":[[[-6.197461974619728,53.86794649157994],[-6.031860318603179,53.15368676097384],[-6.787867878678782,52.26001581841453],[-8.56268562685625,51.66931286585165],[-9.977499774997739,51.81995058154823],[-9.167491674916732,52.864259239804056],[-9.689496894968954,53.88148696040659],[-8.32868328683287,54.665141593749325],[-7.572675726757268,55.13228776826895],[-7.367473674736743,54.59574669101272],[-7.572675726757268,54.05920561375646],[-6.95346953469533,54.07443864118645],[-6.197461974619728,53.86794649157994]]]}},{"type":"Feature","properties":{"id":"r6-sri-lanka","name":"Sri Lanka","tradition":"buddhism","grade":"a","sources":["princeton-dict-buddhism-2014"]},"geometry":{"type":"Polygon","coordinates":[[[81.78741787417874,7.522306815142841],[81.63621636216362,6.481383274093645],[81.21861218612185,6.197033428733874],[80.34740347403476,5.968538017284047],[79.87219872198722,6.764040560850091],[79.6957969579696,8.201022815078971],[80.14940149401497,9.82418651567437],[80.84060840608407,9.269027293781477],[81.30501305013053,8.56492291479536],[81.78741787417874,7.522306815142841]]]}},{"type":"Feature","properties":{"id":"r6-china","name":"China","tradition":"chinese-traditions","grade":"a","sources":["yao-confucianism-2000","kohn-daoism-2000"]},"geometry":{"type":"MultiPolygon","coordinates":[[[[109.47529475294755,18.197273926357823],[108.65448654486545,18.50701215076758],[108.6256862568626,19.36852447986358],[109.1188911889119,19.820437626953222],[110.21330213302133,20.10140235510633],[110.78570785707859,20.077706534659683],[111.00891008910088,19.69518829030666],[110.56970569705697,19.25512305344033],[110.33930339303396,18.677960569704112],[109.47529475294755,18.197273926357823]]],[[[80.26100261002608,42.35008519590562],[80.18180181801819,42.9204774452285],[80.86580865808656,43.18113147014162],[79.96579965799657,44.91769659716027],[81.94581945819459,45.31714042754663],[82.46062460624609,45.53886560458312],[83.18063180631805,47.32959260690839],[85.16425164251643,47.001236237861974],[85.72225722257224,47.453149384951615],[85.76905769057691,48.455144078124164],[86.59706597065974,48.54992735991078],[87.36027360273602,49.21510289102025],[87.7526775267753,49.29803826258353],[88.01548015480154,48.59901155940739],[88.85428854288546,48.06924071656448],[90.27990279902798,47.69349270662477],[90.97110971109714,46.88783481143872],[90.58590585905858,45.71996937513964],[90.9459094590946,45.28667437268666],[92.13392133921343,45.115725953750115],[93.48033480334806,44.97524358967357],[94.68994689946902,44.35238202364738],[95.30555305553054,44.240673155827466],[95.76275762757626,43.31992127561486],[96.34956349563498,42.72583320584533],[97.45117451174514,42.74952902629198],[99.51759517595178,42.524418732048815],[100.84600846008459,42.663208537522024],[101.83241832418327,42.514263380428815],[103.3120331203312,41.90663484183263],[104.52164521645216,41.908327400435965],[104.96444964449648,41.59689661742287],[106.13086130861308,42.135130253282455],[107.74367743677436,42.482104766965506],[109.24489244892447,42.51934105623883],[110.41130411304113,42.871393245731866],[111.13131131311314,43.40624176438479],[111.82971829718298,43.74306092644787],[111.66771667716677,44.073109854097595],[111.34731347313476,44.45732065705397],[111.87291872918729,45.10218548492347],[112.43452434524346,45.01247987894686],[113.46413464134645,44.809372846547035],[114.46134461344616,45.33914368938994],[115.98415984159845,45.726739609552965],[116.71856718567187,46.388530023455786],[117.42057420574207,46.672879868815556],[118.8749887498875,46.80489943987547],[119.66339663396633,46.693190572055556],[119.77139771397714,47.04862787875527],[118.86778867788678,47.747654581931386],[118.0649806498065,48.06754815796114],[117.29457294572944,47.69687782383144],[116.30816308163082,47.852593215337976],[115.74295742957429,47.727343878691414],[115.48375483754836,48.135250502094436],[116.19296192961929,49.13386007806031],[116.67896678966792,49.88874121514638],[117.8777787777878,49.51130064660336],[119.28899288992892,50.14262500564618],[119.27819278192783,50.58269024251251],[120.18180181801819,51.643924486801694],[120.73980739807399,51.96381806283142],[120.72540725407254,52.51559216751767],[120.17820178201782,52.75424293058748],[121.00261002610029,53.25185515996711],[122.24462244622447,53.43126637192029],[123.57303573035733,53.45834730957361],[125.06705067050672,53.160456995387165],[125.94545945459458,52.793171778464114],[126.56466564665647,51.78440685087824],[126.93906939069393,51.35449696563191],[127.28827288272885,50.74009819262238],[127.65907659076589,49.760106761293144],[129.3978939789398,49.44021318526342],[130.58230582305822,48.72933857186396],[130.98550985509854,47.789968547014695],[132.50832508325084,47.78827598841136],[133.37233372333725,48.18264214298773],[135.02475024750248,48.47883989857081],[134.49914499144995,47.578398721598205],[134.1139411394114,47.21280606327849],[133.76833768337684,46.11772064692266],[133.09873098730986,45.144499450006776],[131.88191881918823,45.32052554475328],[131.02511025110255,44.968473355260244],[131.28791287912878,44.11203870197423],[131.1439114391144,42.9306327968485],[130.63270632706326,42.903551859195176],[130.639906399064,42.39578427819558],[129.99549995499956,42.98479467215512],[129.5958959589596,42.42455777445221],[128.05148051480518,41.99464788920589],[128.20988209882103,41.46656960496631],[127.34227342273425,41.503805894239605],[126.87066870668707,41.81692923585604],[126.18306183061833,41.10774718105992],[125.08145081450817,40.56951354520034],[124.26424264242644,39.9280338345375],[122.86742867428677,39.63860631336773],[122.1330213302133,39.169767580244766],[121.05301053010533,38.89726564510832],[121.58581585815858,39.361026702421285],[121.3770137701377,39.750315181187645],[122.16902169021694,40.42226094671045],[121.63981639816399,40.946954113743374],[120.76860768607685,40.593209365646985],[119.63819638196384,39.89756777967753],[119.02259022590226,39.25270295180803],[118.04338043380437,39.203618752311414],[117.53217532175324,38.73816513639511],[118.06138061380614,38.061141695062304],[118.87858878588787,37.896963510539095],[118.91098910989109,37.448435480656116],[119.70299702997033,37.15562284227967],[120.82260822608225,37.869882572885786],[121.71181711817121,37.480594094119425],[122.35622356223564,37.45520571506944],[122.51822518225185,36.93051254803652],[121.10341103411037,36.65124037848673],[120.63540635406355,36.111314184023826],[119.66339663396633,35.61031683743755],[119.15219152191526,34.9095975756581],[120.22860228602286,34.35951602957519],[120.62100621006209,33.37613948103929],[121.22941229412294,32.46046527663668],[121.90981909819101,31.692043670723947],[121.89181891818919,30.949010443861198],[121.26541265412658,30.676508508724737],[121.50301503015032,30.143352548675153],[122.09342093420935,29.83192176566206],[121.93861938619386,29.017801077459367],[121.6830168301683,28.225683651099985],[121.1250112501125,28.135978045123395],[120.39420394203944,27.052740538990903],[119.58419584195843,25.7410076214086],[118.65538655386553,24.547753806059532],[117.28017280172804,23.625309367243588],[115.89055890558905,22.78241518278425],[114.7637476374764,22.66732119775766],[114.15174151741519,22.22387084368468],[113.80613806138064,22.54884209552442],[113.2409324093241,22.05122986614481],[111.84411844118443,21.550232519558534],[110.78570785707859,21.397902245258663],[110.4437044370444,20.34174567677948],[109.88929889298896,20.282506125662863],[109.62649626496267,21.00861376649229],[109.86409864098641,21.394517128051987],[108.52128521285215,21.714410704081743],[108.04968049680497,21.551925078161872],[107.04167041670416,21.812579103074995],[106.56646566465668,22.21879316787468],[106.72486724867252,22.794263093007572],[105.81045810458107,22.97705942216743],[105.3280532805328,23.352807432107127],[104.47844478444784,22.819651472057544],[103.50283502835032,22.704557487030968],[102.70722707227071,22.709635162840968],[102.17082170821709,22.46421416535783],[101.65241652416523,22.31865412547127],[101.80361803618035,21.174484509618836],[101.2708127081271,21.201565447272145],[101.18081180811811,21.436831093135297],[101.14841148411483,21.849815392348304],[100.41760417604178,21.558695312575196],[99.98199981999824,21.74318420033839],[99.24039240392403,22.11893221027809],[99.53199531995318,22.94828592591078],[98.89838898388984,23.14293016529396],[98.6607866078661,24.063682045506567],[97.60597605976062,23.897811302380035],[97.72477724777247,25.084294883315778],[98.67158671586719,25.918726274758455],[98.71118711187114,26.743002314581148],[98.68238682386823,27.50803880328722],[98.24678246782469,27.746689566357034],[97.91197911979123,28.335699960316575],[97.32877328773287,28.261227381769956],[96.2487624876249,28.411865097466503],[96.58716587165873,28.83161963109285],[96.11916119161191,29.4527886385157],[95.40635406354062,29.03134154628603],[94.56754567545676,29.276762543769166],[93.4119341193412,28.64036050891633],[92.50472504725047,27.89732728205358],[91.69831698316983,27.772077945407005],[91.25911259112593,28.041194763336804],[90.72990729907298,28.064890583783452],[90.01710017100174,28.296771112439927],[89.4770947709477,28.04288732194013],[88.81468814688145,27.29985409507738],[88.73188731887319,28.08689384562676],[88.11988119881198,27.877016578813596],[86.95346953469533,27.973492419203524],[85.82305823058232,28.203680389256675],[85.01305013050131,28.64205306751967],[84.23544235442353,28.84008242410951],[83.90063900639007,29.3207690674558],[83.33543335433353,29.462943990135685],[82.32742327423273,30.114579052418506],[81.52461524615245,30.422624718224938],[81.1106111061111,30.183973955155125],[79.7209972099721,30.88300065833124],[78.73818738187384,31.516017575977415],[78.45738457384573,32.61787322674655],[79.17739177391775,32.48416109708333],[79.20979209792097,32.993621236686266],[78.81018810188101,33.506466493495864],[78.91098910989109,34.322279740301894],[77.83817838178385,35.49353029380764],[76.19296192961929,35.898051800003984],[75.89775897758977,36.66647340591672],[75.15975159751599,37.13361958043636],[74.97974979749799,37.41966198439947],[74.82854828548287,37.99005423372236],[74.86454864548645,38.37934271248872],[74.25614256142563,38.60614556533521],[73.92853928539287,38.50628460773862],[73.67653676536767,39.4304216051579],[73.96093960939609,39.660609575211055],[73.82053820538206,39.89418266247087],[74.77814778147783,40.366406512800495],[75.46935469354693,40.56274331078701],[76.5277652776528,40.42733862252045],[76.90576905769058,41.06712577457995],[78.18738187381877,41.18560487681319],[78.54378543785441,41.581663589992885],[80.12060120601205,42.12328234305913],[80.26100261002608,42.35008519590562]]]]}},{"type":"Feature","properties":{"id":"r6-italy","name":"Italy","tradition":"christianity","grade":"a","sources":["oxford-early-christian-studies-2008"]},"geometry":{"type":"MultiPolygon","coordinates":[[[[10.441904419044192,46.892912487248736],[11.050310503105038,46.75073756456885],[11.165511655116546,46.94199668674537],[12.151921519215193,47.114637664285226],[12.37512375123751,46.767663150602175],[13.80793807938079,46.50870168429236],[13.696336963369646,46.01616713072275],[13.937539375393754,45.5913349212864],[13.141931419314204,45.736894961172965],[12.328323283232834,45.38145765447325],[12.382323823238238,44.88553798369696],[12.259922599226002,44.60118813833719],[12.587525875258763,44.09172799873426],[13.527135271352734,43.587345534941306],[14.031140311403135,42.76137693651529],[15.143551435514354,41.95571904132926],[15.924759247592476,41.960796717139246],[16.169561695616977,41.740764098706094],[15.888758887588892,41.541042183512914],[16.785167851678523,41.17883464239986],[17.51957519575197,40.87755921100677],[18.37638376383765,40.35625116118051],[18.480784807848096,40.16837715621065],[18.293582935829363,39.8112472909076],[17.73917739177392,40.27839346542723],[16.86796867968681,40.44257164995044],[16.450364503645034,39.796014263477616],[17.170371703717052,39.4253439293479],[17.05157051570515,38.902343320918305],[16.633966339663402,38.84310376980169],[16.101161011610117,37.986669116515685],[15.683556835568368,37.90881142076242],[15.687156871568732,38.21516452796551],[15.892358923589256,38.75170560522176],[16.108361083610845,38.9649679892416],[15.719557195571952,39.54382303158114],[15.413554135541375,40.04820549537408],[14.999549995499962,40.17345483202065],[14.704347043470449,40.60505727587031],[14.05994059940599,40.78616104642684],[13.627936279362814,41.18898999401985],[12.88632886328864,41.25330722094647],[12.105121051210517,41.70522036803612],[11.190711907119066,42.355162871715606],[10.510305103051024,42.9306327968485],[10.200702007020084,43.92077957979771],[9.70389703897041,44.0358735648243],[8.89028890288904,44.36592249247403],[8.42948429484295,44.230517804207466],[7.849878498784989,43.766756746894515],[7.435874358743604,43.693976726951234],[7.551075510755112,44.127271729404214],[7.0074700747007626,44.25421362465411],[6.748267482674834,45.02771290637685],[7.097470974709751,45.33237345497662],[6.802268022680238,45.70812146491633],[6.841868418684186,45.990778751672764],[7.273872738727391,45.777516367652936],[7.756277562775637,45.82490800854623],[8.317883178831806,46.16341972921262],[8.490684906849083,46.00431922049941],[8.9658896588966,46.03647783396272],[9.181891818918189,46.440999340159095],[9.923499234992363,46.314057444909196],[10.362703627036268,46.483313305242376],[10.441904419044192,46.892912487248736]]],[[[14.761947619476189,38.14407706662557],[15.521555215552155,38.2303975553955],[15.161551615516174,37.443357804846116],[15.30915309153093,37.13361958043636],[15.100351003510042,36.62077432362676],[14.333543335433347,36.99652233356646],[13.82593825938261,37.10484608417971],[12.432724327243278,37.61261366517931],[12.56952569525697,38.12715148059225],[13.739537395373958,38.03575331601232],[14.761947619476189,38.14407706662557]]],[[[8.710287102871035,40.89956247285008],[9.210692106921073,41.209300697259835],[9.808298082980826,40.50011864246373],[9.667896678966798,39.17653781465809],[9.214292142921437,39.24085504158471],[8.807488074880752,38.907420996728305],[8.42948429484295,39.171460138848104],[8.389883898839003,40.37825442302382],[8.159481594815958,40.950339230950036],[8.710287102871035,40.89956247285008]]]]}},{"type":"Feature","properties":{"id":"r6-united-kingdom","name":"United Kingdom","tradition":"christianity","grade":"c","sources":["oxford-early-christian-studies-2008"]},"geometry":{"type":"MultiPolygon","coordinates":[[[[-6.197461974619728,53.86794649157994],[-6.95346953469533,54.07443864118645],[-7.572675726757268,54.05920561375646],[-7.367473674736743,54.59574669101272],[-7.572675726757268,55.13228776826895],[-6.733867338673377,55.17290917474892],[-5.661056610566106,54.55512528453275],[-6.197461974619728,53.86794649157994]]],[[[-3.094230942309423,53.404185434266964],[-3.090630906309059,53.404185434266964],[-2.9466294662946666,53.98473303520984],[-3.6162361623616164,54.60082436682271],[-3.6306363063630442,54.614364835649354],[-4.843848438484372,54.79039093039589],[-5.081450814508145,55.06120030692901],[-4.7178471784717715,55.508035778208665],[-5.0490504905048965,55.783922830551774],[-5.585455854558546,55.31169898022216],[-5.64665646656465,56.274764825518076],[-6.150661506615052,56.78422496512101],[-5.787057870578707,57.81837827175687],[-5.009450094500949,58.63080640135621],[-4.210242102421006,58.551256146999606],[-3.0042300423004065,58.634191518562886],[-4.073440734407342,57.55264657103373],[-3.0546305463054466,57.68974381790363],[-1.9602196021960197,57.68466614209362],[-2.2194221942219485,56.87054545389094],[-3.119431194311943,55.973489394124954],[-2.08622086220862,55.90917216719836],[-2.0070200702006957,55.80423353379177],[-1.114211142111401,54.624520187269354],[-0.4302043020430233,54.46372711995281],[0.1854018540185507,53.32463517991036],[0.46980469804699965,52.93026902533401],[1.6830168301682988,52.739009903157495],[1.5606156061560625,52.09922275109798],[1.0494104941049613,51.80641011272155],[1.4490144901449185,51.29017973870529],[0.5490054900548955,50.76548657167237],[-0.7866078660786684,50.77564192329237],[-2.489424894248941,50.49975487094923],[-2.9574295742957304,50.696091668935765],[-3.6162361623616164,50.22894549441611],[-4.541445414454131,50.34234692083936],[-5.243452434524329,49.959828676486325],[-5.776257762577615,50.159550591679505],[-4.311043110431086,51.210629484348686],[-3.414634146341456,51.42558442697185],[-3.421834218342184,51.42727698557519],[-4.9842498424984285,51.59314772870172],[-5.268652686526849,51.990899000484745],[-4.221042210422098,52.3006372248945],[-4.768247682476812,52.84056341935741],[-4.581045810458107,53.495583598846906],[-3.094230942309423,53.404185434266964]]]]}},{"type":"Feature","properties":{"id":"r6-azerbaijan","name":"Azerbaijan","tradition":"zoroastrianism","grade":"b","sources":["boyce-zoroastrians"]},"geometry":{"type":"MultiPolygon","coordinates":[[[[46.406264062640645,41.86093575954267],[46.6870668706687,41.82708458747602],[47.37467374673747,41.219456048879834],[47.813878138781405,41.151753704746554],[47.98667986679868,41.40563749524635],[48.584285842858435,41.808466442839375],[49.10989109891099,41.282080717203115],[49.61749617496176,40.572898662407],[50.08550085500855,40.525507021513704],[50.39150391503915,40.25639020358392],[49.57069570695708,40.176839949227315],[49.39429394293944,39.39995555029792],[49.221492214922165,39.04959591940819],[48.85788857888579,38.81602283214838],[48.88308883088831,38.3201031613721],[48.634686346863475,38.27101896187547],[48.0118801188012,38.79401957030507],[48.35388353883539,39.288246682478004],[48.05868058680588,39.582751879457774],[47.68427684276844,39.50827930091117],[46.507065070650725,38.770323749858406],[46.481864818648205,39.46427277722454],[46.03546035460354,39.628450961747745],[45.610656106561066,39.89926033828087],[45.89145891458915,40.21915391431061],[45.358653586535866,40.561050752183675],[45.560255602556026,40.81154942547681],[45.17865178651786,40.98588296162002],[44.973449734497365,41.24822954513648],[45.21825218252184,41.41071517105635],[45.96345963459635,41.124672767093244],[46.49986499865,41.06374065737329],[46.63666636666366,41.182219759606525],[46.147061470614716,41.72214595406943],[46.406264062640645,41.86093575954267]]],[[[46.14346143461435,38.74155025360177],[45.459454594545946,38.87356982466167],[44.95184951849518,39.3356383233713],[44.79344793447936,39.713078891914336],[45.00225002250022,39.74015982956766],[45.29745297452976,39.47104301163786],[45.74025740257403,39.47442812884452],[45.73665736657367,39.32040529594131],[46.14346143461435,38.74155025360177]]]]}},{"type":"Feature","properties":{"id":"r6-georgia","name":"Georgia","tradition":"christianity","grade":"a","sources":["oxford-early-christian-studies-2008"]},"geometry":{"type":"Polygon","coordinates":[[[39.954999549995506,43.43501526064142],[40.07740077400774,43.55349436287469],[40.92340923409236,43.38254594393814],[42.39582395823959,43.220060318018255],[43.75663756637567,42.74106623327532],[43.92943929439295,42.55488478690879],[44.537845378453795,42.71229273701866],[45.47025470254704,42.502415470205506],[45.77625776257764,42.092816288199145],[46.406264062640645,41.86093575954267],[46.147061470614716,41.72214595406943],[46.63666636666366,41.182219759606525],[46.49986499865,41.06374065737329],[45.96345963459635,41.124672767093244],[45.21825218252184,41.41071517105635],[44.973449734497365,41.24822954513648],[43.5838358383584,41.092514153629935],[42.619026190261906,41.58335614859621],[41.55341553415536,41.535964507702914],[41.70461704617048,41.962489275742584],[41.45261452614528,42.64459039288539],[40.87660876608766,43.01356816841175],[40.322203222032215,43.12866215343834],[39.954999549995506,43.43501526064142]]]}},{"type":"Feature","properties":{"id":"r6-malaysia","name":"Malaysia","tradition":"hinduism","grade":"c","sources":["flood-hinduism-1996"]},"geometry":{"type":"MultiPolygon","coordinates":[[[[100.08640086400862,6.464457688060335],[100.25920259202593,6.642176341410192],[101.07641076410766,6.205496221750536],[101.15561155611556,5.6909584063376],[101.81441814418145,5.811130067174176],[102.14202142021423,6.222421807783846],[102.37242372423725,6.127638525997256],[102.96282962829628,5.5250876632110675],[103.38043380433805,4.854834456291584],[103.43803438034382,4.181196132165439],[103.33363333633338,3.7258978678691363],[103.4308343083431,3.382308471392733],[103.50283502835032,2.7916055188298685],[103.8556385563856,2.515718466486746],[104.24804248042483,1.630510316944111],[104.23004230042301,1.2936911548810315],[103.52083520835208,1.2259888107477508],[102.57402574025741,1.9673294790071765],[101.389613896139,2.761139463969883],[101.27441274412746,3.270599603572819],[100.69480694806947,3.939160251888964],[100.5580055800558,4.766821408918318],[100.1980019800198,5.3118252791912255],[100.3060030600306,6.041318037227327],[100.08640086400862,6.464457688060335]]],[[[117.88137881378816,4.1371896084788204],[117.01377013770139,4.306445468812015],[115.86535865358655,4.306445468812015],[115.519755197552,3.169046087372905],[115.13455134551344,2.82207157368984],[114.619746197462,1.430788401750931],[113.80613806138064,1.2175260177311031],[112.85932859328597,1.4984907458842116],[112.38052380523806,1.4104776985109453],[111.79731797317976,0.9044026761146711],[111.160111601116,0.9771826960579517],[110.51570515705157,0.7723831050547716],[109.83169831698319,1.3376976785676646],[109.66249662496625,2.0062583268838097],[110.39690396903973,1.6643614890107443],[111.16731167311673,1.8505429353772627],[111.36891368913689,2.6968222370432784],[111.79731797317976,2.8863888006164586],[112.99612996129963,3.1030363018429625],[113.71253712537128,3.893461169599007],[114.2057420574206,4.526478087245181],[114.65934659346595,4.006862596022245],[114.86814868148684,4.34875943389531],[115.3469534695347,4.316600820432001],[115.40455404554046,4.9546954138881745],[115.45135451354514,5.447229967457787],[116.2217622176222,6.142871553427241],[116.7257672576726,6.924833628166638],[117.12897128971292,6.9282187453733],[117.64377643776442,6.422143722977026],[117.69057690576909,5.9871561619207085],[118.34938349383492,5.707883992370924],[119.18099180991811,5.408301119581154],[119.10899108991089,5.015627523608131],[118.43938439384397,4.966543324111498],[118.61938619386194,4.477393887748548],[117.88137881378816,4.1371896084788204]]]]}},{"type":"Feature","properties":{"id":"r6-eritrea","name":"Eritrea","tradition":"christianity","grade":"a","sources":["oxford-early-christian-studies-2008"]},"geometry":{"type":"Polygon","coordinates":[[[36.43056430564306,14.422868240927443],[36.32256322563225,14.822312071313803],[36.75456754567546,16.29145293900598],[36.85176851768517,16.95662847011546],[37.16857168571687,17.262981577318556],[37.902979029790316,17.427159761841764],[38.41058410584105,17.997552011164643],[38.990189901899015,16.839841926485548],[39.267392673926736,15.922475163479604],[39.81459814598148,15.435018285719991],[41.1790117901179,14.490570585060723],[41.73341733417334,13.921870894341168],[42.27702277022772,13.344708410604952],[42.59022590225902,13.001119014128548],[43.079830798307995,12.699843582735454],[42.78102781027812,12.45611514385564],[42.35262352623528,12.542435632625583],[42.01062010620106,12.865714325861987],[41.60021600216004,13.451339602614865],[41.15381153811538,13.772925737247945],[40.89820898208984,14.118207692327687],[40.0270002700027,14.51934408131737],[39.33939339393396,14.531191991540695],[39.09819098190982,14.74106925835386],[38.511385113851134,14.505803612490709],[37.90657906579065,14.959409318183688],[37.59337593375935,14.212990974114277],[36.43056430564306,14.422868240927443]]]}},{"type":"Feature","properties":{"id":"r6-japan","name":"Japan","tradition":"shinto","grade":"b","sources":["hardacre-shinto-2017"]},"geometry":{"type":"MultiPolygon","coordinates":[[[[141.8828188281883,39.18161549046809],[140.96120961209613,38.17454312148554],[140.97560975609758,37.14208237345302],[140.60120601206012,36.343194712680315],[140.77400774007742,35.84219736609404],[140.2520025200252,35.138092987107925],[138.97398973989743,34.66756169538162],[137.21717217172176,34.606629585661665],[135.79155791557918,33.464152528412555],[135.1219512195122,33.84836333136893],[135.0787507875079,34.59647423404168],[133.33993339933403,34.37644161560851],[132.15552155521556,33.90421776527889],[130.98550985509854,33.885599620642225],[132.00072000720007,33.1493366281928],[131.3311133111331,31.450007790447472],[130.68670686706866,31.030253256821126],[130.20070200702008,31.417849176984163],[130.44910449104492,32.31998291256012],[129.81549815498158,32.61110299233323],[129.4086940869409,33.296589226682684],[130.35550355503557,33.604634892489116],[130.8775087750878,34.23257413432529],[131.88551885518854,34.75049706694489],[132.61632616326165,35.432598184087695],[134.6071460714607,35.73218105687745],[135.67635676356764,35.527381465874285],[136.7239672396724,37.30456799937289],[137.389973899739,36.827266473233266],[138.8587885878859,37.827568607802476],[139.4275942759428,38.21516452796551],[140.0540005400054,39.43888439817455],[139.88479884798846,40.56274331078701],[140.3060030600306,41.19576022843319],[141.3680136801368,41.37855655759304],[141.91521915219153,39.99235106146412],[141.8828188281883,39.18161549046809]]],[[[144.6116461164612,43.96140098627768],[145.32085320853207,44.38454063711069],[145.54405544055442,43.262374283101565],[144.06084060840607,42.988179789361794],[143.18243182431826,41.99464788920589],[141.61281612816128,42.67844156495204],[141.06561065610657,41.58504870719955],[139.9567995679957,41.56981567976956],[139.81639816398166,42.56334757992545],[140.31320313203133,43.33346174444151],[141.3788137881379,43.389316178351464],[141.67041670416705,44.77213655727371],[141.96921969219693,45.55071351480646],[143.1428314283143,44.50978997375725],[143.90963909639095,44.17466337029751],[144.6116461164612,43.96140098627768]]],[[[132.37152371523717,33.464152528412555],[132.92592925929262,34.05993315678543],[133.49473494734946,33.944839171758844],[133.9051390513905,34.36459370538519],[134.63954639546398,34.149638762762024],[134.76554765547655,33.80604936628562],[134.20394203942038,33.201805944896094],[133.7935379353794,33.52169952092585],[133.2787327873279,33.28981899226936],[133.0159301593016,32.70419371551648],[132.36432364323645,32.988543560876266],[132.37152371523717,33.464152528412555]]]]}},{"type":"Feature","properties":{"id":"r6-yemen","name":"Yemen","tradition":"christianity","grade":"c","sources":["oxford-early-christian-studies-2008"]},"geometry":{"type":"Polygon","coordinates":[[[52.00072000720007,18.99954670433719],[52.781927819278195,17.349302066088484],[53.109531095310956,16.650275362912367],[52.3859238592386,16.382851103585907],[52.19152191521917,15.93770819090959],[52.169921699217014,15.597503911639862],[51.172711727117274,15.176056819410192],[49.574295742957446,14.708910644890551],[48.67788677886779,14.003113707301097],[48.23868238682388,13.94725927339114],[47.939879398794005,14.006498824507773],[47.353073530735315,13.591821966691427],[46.715867158671585,13.39887028591157],[45.87705877058772,13.348093527811614],[45.62505625056252,13.290546535298333],[45.40545405454054,13.026507393178534],[45.14265142651428,12.953727373235253],[44.98784987849879,12.699843582735454],[44.49464494644948,12.721846844578778],[44.17424174241742,12.586442156312216],[43.483034830348316,12.637218914412173],[43.22383223832239,13.221151632561714],[43.25263252632527,13.76784806143796],[43.08703087030872,14.06235325841773],[42.89262892628926,14.802001368073817],[42.60462604626048,15.213293108683487],[42.80622806228064,15.26237730818012],[42.701827018270194,15.719368131079761],[42.82422824228243,15.912319811859618],[42.78102781027812,16.347307372915935],[43.21663216632166,16.66720094894569],[43.11583115831158,17.08864804117536],[43.382233822338236,17.579490036141635],[43.792637926379285,17.32052856983185],[44.06264062640628,17.41023417580844],[45.21825218252184,17.433929996255088],[45.39825398253984,17.334069038658498],[46.36666366663667,17.232515522458584],[46.748267482674834,17.28329228055854],[47.000270002700034,16.949858235702138],[47.468274682746824,17.11742153743201],[48.18468184681848,18.166807871497852],[49.11709117091172,18.61702845998417],[52.00072000720007,18.99954670433719]]]}},{"type":"Feature","properties":{"id":"r6-cyprus","name":"Cyprus","tradition":"christianity","grade":"a","sources":["oxford-early-christian-studies-2008"]},"geometry":{"type":"Polygon","coordinates":[[[32.73332733327334,35.13978554571125],[32.92052920529207,35.08731622900795],[33.19053190531906,35.173636717777896],[33.384933849338495,35.163481366157896],[33.45693456934569,35.100856697834615],[33.47493474934751,35.000995740238025],[33.52533525335255,35.038232029511335],[33.67653676536767,35.01792132627135],[33.86733867338674,35.09408646342129],[33.97533975339755,35.05854273275132],[34.00414004140043,34.97729991979138],[32.97812978129781,34.57108585499169],[32.488524885248864,34.701412867448255],[32.25812258122582,35.10254925643794],[32.73332733327334,35.13978554571125]]]}},{"type":"Feature","properties":{"id":"r6-morocco","name":"Morocco","tradition":"christianity","grade":"c","sources":["oxford-early-christian-studies-2008"]},"geometry":{"type":"Polygon","coordinates":[[[-2.1690216902169084,35.168559041967896],[-1.794617946179443,34.52707933130506],[-1.733417334173339,33.91945079270887],[-1.387813878138786,32.86329422422969],[-1.1250112501124931,32.6517243988132],[-1.3086130861308618,32.262435920046826],[-2.6154261542615416,32.09487261831697],[-3.069030690306903,31.724202284187257],[-3.6486364863648646,31.637881795417314],[-3.6918369183691766,30.896541127157903],[-4.858248582485828,30.500482413978204],[-5.243452434524329,30.00117762599527],[-6.0606606066060635,29.732060808065484],[-7.057870578705774,29.5797305337656],[-8.674286742867423,28.841774982712835],[-8.667086670866695,27.65698396038043],[-8.818288182881815,27.65698396038043],[-8.793087930879295,27.120442883124184],[-9.412294122941233,27.088284269660875],[-9.73629736297363,26.861481416814385],[-10.189901899018992,26.861481416814385],[-10.549905499054972,26.990115870667623],[-11.392313923139227,26.88348467865771],[-11.719917199171988,26.104907721124974],[-12.029520295202957,26.03043514257837],[-12.50112501125011,24.769478983096022],[-13.890738907389078,23.69131915277353],[-14.221942219422175,22.310191332454608],[-14.632346323463224,21.86166330257163],[-14.751147511475097,21.501148320061915],[-17.00117001170011,21.419905507101973],[-17.019170191701903,21.42159806570531],[-16.972369723697227,21.885359123018276],[-16.590765907659062,22.157861058154737],[-16.2631626316263,22.679169107980982],[-16.327963279632797,23.017680828647386],[-15.982359823598216,23.72347776623684],[-15.424354243542439,24.359879801089676],[-15.08955089550895,24.520672868406223],[-14.823148231482321,25.102913027952425],[-14.801548015480137,25.63606898800201],[-14.441544415444156,26.253852878218197],[-13.775537755377542,26.61944553653791],[-13.13833138331384,27.640058374347106],[-13.12033120331202,27.653598843173768],[-12.619926199261982,28.03780964613013],[-11.68751687516874,28.14782595534672],[-10.902709027090253,28.83161963109285],[-10.398703987039852,29.09904389041931],[-9.563495634956354,29.933475281861988],[-9.815498154981555,31.17750585531101],[-9.43389433894339,32.037325625803675],[-9.30069300693006,32.56540391004326],[-8.656286562865631,33.24073479277273],[-7.655476554765528,33.69772561567238],[-6.913869138691382,34.11070991488539],[-6.244262442624432,35.14655578012457],[-5.931059310593099,35.75926199453076],[-5.193051930519289,35.7558768773241],[-4.591845918459171,35.33104466788777],[-3.6414364143641365,35.400439570624386],[-2.6046260462604494,35.17871439358788],[-2.1690216902169084,35.168559041967896]]]}},{"type":"Feature","properties":{"id":"r6-egypt","name":"Egypt","tradition":"christianity","grade":"a","sources":["oxford-early-christian-studies-2008"]},"geometry":{"type":"Polygon","coordinates":[[[36.86616866168663,22.00045310804485],[32.898928989289914,22.00045310804485],[29.021690216902186,22.00045310804485],[25.00045000450004,22.00045310804485],[25.00045000450004,25.68176807029198],[25.00045000450004,29.237833695892533],[24.70164701647016,30.043491591078563],[24.957249572495726,30.66127548129475],[24.802448024480242,31.089492807937745],[25.166051660516615,31.56848689268071],[26.49446494464945,31.585412478714034],[27.459274592745942,31.321373336594235],[28.449284492844924,31.025175581011126],[28.913689136891378,30.869460189504593],[29.684096840968408,31.18766120693101],[30.094500945009457,31.47370361089412],[30.97650976509766,31.556638982457386],[31.68931689316895,31.429697087207487],[31.959319593195943,30.933777416431198],[32.19332193321935,31.260441226874278],[32.992529925299266,31.023483022407802],[33.77373773737739,30.967628588497845],[34.2669426694267,31.21981982039432],[34.8249482494825,29.760834304322117],[34.92214922149222,29.501872838012318],[34.641346413464134,29.09904389041931],[34.425344253442546,28.344162753333222],[34.15534155341555,27.822854703506962],[33.921339213392145,27.648521167363768],[33.586535865358655,27.971799860600186],[33.13653136531366,28.416942773276503],[32.42372423724237,29.85053991029872],[32.31932319323195,29.760834304322117],[32.73332733327334,28.70467773584295],[33.34893348933491,27.69929792546374],[34.10494104941051,26.142144010398283],[34.47214472144722,25.598832698728714],[34.79614796147962,25.03351812521582],[35.69255692556925,23.926584798636682],[35.49455494554945,23.752251262493488],[35.5269552695527,23.10230875881399],[36.68976689766899,22.20525269904803],[36.86616866168663,22.00045310804485]]]}},{"type":"Feature","properties":{"id":"r6-libya","name":"Libya","tradition":"christianity","grade":"b","sources":["oxford-early-christian-studies-2008"]},"geometry":{"type":"Polygon","coordinates":[[[25.00045000450004,22.00045310804485],[25.00045000450004,20.00323395611308],[23.848438484384843,19.999848838906416],[23.83763837638378,19.580094305280085],[19.84879848798488,21.494378085648577],[15.859958599586008,23.410354424620422],[14.851948519485205,22.863657995744177],[14.142741427414279,22.49129510301114],[13.58113581135811,23.03968409049071],[12.000720007200073,23.471286534340365],[11.561515615156168,24.097533217573215],[10.773107731077317,24.562986833489518],[10.305103051030528,24.378497945726323],[9.948699486994883,24.937042284825893],[9.909099090990907,25.365259611468886],[9.318693186931881,26.094752369504988],[9.714697146971474,26.512814344527996],[9.62829628296285,27.14075358636417],[9.757897578975786,27.6874500152404],[9.682296822968226,28.144440838140056],[9.858698586985867,28.960254084946087],[9.80469804698049,29.42401514225905],[9.480694806948065,30.307530733198362],[9.970299702997039,30.539411261854852],[10.056700567005663,30.962550912687846],[9.948699486994883,31.375535211900853],[10.636306363063625,31.761438573460552],[10.945909459094594,32.08133214949031],[11.431914319143203,32.369067112056754],[11.489514895148972,33.137488717969475],[12.663126631266323,32.79220676288975],[13.084330843308436,32.87852725165969],[13.919539195391962,32.71265650853314],[15.244352443524434,32.2658210372535],[15.712357123571252,31.375535211900853],[16.612366123661246,31.18258353112101],[18.019980199802006,30.762828997494665],[19.085590855908578,30.26690932671839],[19.575195751957523,30.52587079302819],[20.054000540005404,30.986246733134493],[19.819998199981995,31.751283221840566],[20.13320133201333,32.23874009960018],[20.85320853208532,32.70757883272316],[21.544415444154453,32.842983520989705],[22.894428944289444,32.63818392998654],[23.23643236432366,32.191348458706884],[23.6108361083611,32.18796334150022],[23.927639276392767,32.01701492256369],[24.921249212492143,31.89853582033045],[25.166051660516615,31.56848689268071],[24.802448024480242,31.089492807937745],[24.957249572495726,30.66127548129475],[24.70164701647016,30.043491591078563],[25.00045000450004,29.237833695892533],[25.00045000450004,25.68176807029198],[25.00045000450004,22.00045310804485]]]}},{"type":"Feature","properties":{"id":"r6-ethiopia","name":"Ethiopia","tradition":"christianity","grade":"a","sources":["oxford-early-christian-studies-2008"]},"geometry":{"type":"Polygon","coordinates":[[[47.788677886778885,8.00299345848913],[44.96264962649627,5.0020870547814695],[43.65943659436596,4.958080531094836],[42.770227702277026,4.252283593505396],[42.12942129421296,4.233665448868734],[41.855818558185604,3.9188495486489785],[41.1718117181172,3.9188495486489785],[40.76860768607688,4.257361269315382],[39.854198541985426,3.839299294292374],[39.55899558995591,3.4212373192693804],[38.8929889298893,3.500787573625985],[38.66978669786698,3.6158815586525606],[38.43578435784357,3.588800620999237],[38.12258122581227,3.598955972619237],[36.85536855368554,4.4486203914919],[36.16056160561607,4.4486203914919],[35.81855818558185,4.776976760538318],[35.81855818558185,5.338906216844535],[35.296552965529656,5.506469518574406],[34.70614706147063,6.594784700516897],[34.248942489424905,6.826665229173372],[34.07614076140763,7.226109059559732],[33.56853568535686,7.713565937319359],[32.95292952929529,7.784653398659302],[33.29493294932951,8.35504564798218],[33.82413824138243,8.378741468428828],[33.97533975339755,8.685094575631922],[33.96093960939609,9.583843194001219],[34.256142561425634,10.6298444108604],[34.73134731347315,10.910809139013523],[34.83214832148323,11.31871576241653],[35.26055260552607,12.082059692519266],[35.865358653586554,12.577979363295555],[36.268562685626875,13.56304847043478],[36.43056430564306,14.422868240927443],[37.59337593375935,14.212990974114277],[37.90657906579065,14.959409318183688],[38.511385113851134,14.505803612490709],[39.09819098190982,14.74106925835386],[39.33939339393396,14.531191991540695],[40.0270002700027,14.51934408131737],[40.89820898208984,14.118207692327687],[41.15381153811538,13.772925737247945],[41.60021600216004,13.451339602614865],[42.01062010620106,12.865714325861987],[42.35262352623528,12.542435632625583],[41.999819998199996,12.100677837155928],[41.66141661416614,11.631839104032963],[41.74061740617407,11.35595205168984],[41.75501755017552,11.05129150309007],[42.3130231302313,11.03436591705676],[42.55422554225544,11.105453378396703],[42.777427774277754,10.926042166443509],[42.5578255782558,10.57229741834712],[42.928629286292875,10.022215872264212],[43.295832958329584,9.539836670314585],[43.67743677436775,9.184399363614872],[46.949869498694994,7.996223224075791],[47.788677886778885,8.00299345848913]]]}}]}